0.vasp,0.0698
1.vasp,0.1693
2.vasp,0.0727
3.vasp,0.1775
4.vasp,0.0340
5.vasp,2.9761
6.vasp,3.0730
7.vasp,3.1299
8.vasp,3.2272
9.vasp,3.3141
11.vasp,2.8556
10.vasp,3.0436
12.vasp,3.2127
13.vasp,3.2762
14.vasp,3.3226
15.vasp,2.7960
16.vasp,2.7510
17.vasp,2.6757
18.vasp,2.7194
19.vasp,2.7578
20.vasp,2.4648
21.vasp,2.6423
22.vasp,2.7171
23.vasp,2.7432
24.vasp,2.7567
25.vasp,1.4466
26.vasp,1.4955
27.vasp,1.4933
28.vasp,1.4906
29.vasp,1.4930
30.vasp,1.2861
31.vasp,1.4420
32.vasp,1.4696
33.vasp,1.4826
34.vasp,1.4912
35.vasp,3.9715
36.vasp,4.1324
37.vasp,4.1929
38.vasp,4.2104
39.vasp,4.2170
40.vasp,4.0608
41.vasp,4.2013
42.vasp,4.2098
43.vasp,4.2148
44.vasp,4.2174
45.vasp,3.1187
46.vasp,3.3113
47.vasp,3.5125
48.vasp,3.6049
49.vasp,3.6722
51.vasp,3.3350
50.vasp,3.5092
52.vasp,3.6021
53.vasp,3.6319
54.vasp,3.6685
55.vasp,2.0567
56.vasp,2.2163
57.vasp,2.4946
58.vasp,2.6513
59.vasp,2.7455
60.vasp,2.3865
61.vasp,2.5519
62.vasp,2.6386
63.vasp,2.6835
64.vasp,2.7459
65.vasp,3.7298
66.vasp,3.8174
67.vasp,3.8835
68.vasp,3.8854
69.vasp,3.5858
70.vasp,3.9482
71.vasp,3.9070
72.vasp,3.8134
73.vasp,3.6680
74.vasp,3.5774
75.vasp,3.2214
76.vasp,2.8794
77.vasp,2.7741
78.vasp,2.9567
79.vasp,3.0306
80.vasp,2.3881
81.vasp,2.6349
82.vasp,2.8617
83.vasp,2.9644
84.vasp,3.0218
85.vasp,3.6967
86.vasp,3.6043
87.vasp,3.4590
88.vasp,3.4396
89.vasp,3.5191
91.vasp,2.8183
90.vasp,3.1089
92.vasp,3.4371
93.vasp,3.4899
94.vasp,3.5188
95.vasp,2.0320
96.vasp,2.0672
97.vasp,2.1524
98.vasp,2.2892
99.vasp,2.3071
101.vasp,1.7134
100.vasp,1.9195
102.vasp,2.2400
103.vasp,2.2946
104.vasp,2.3074
106.vasp,4.0222
105.vasp,4.1732
107.vasp,4.2718
108.vasp,4.3044
109.vasp,4.3447
110.vasp,3.8453
111.vasp,4.0859
112.vasp,4.2269
113.vasp,4.2911
114.vasp,4.3450
115.vasp,3.7048
116.vasp,3.7572
117.vasp,3.8123
118.vasp,3.8649
119.vasp,3.9128
120.vasp,3.6516
121.vasp,3.6241
122.vasp,3.5857
123.vasp,3.6201
124.vasp,3.8162
125.vasp,4.4647
126.vasp,4.7498
127.vasp,4.9820
128.vasp,5.0974
129.vasp,5.1489
130.vasp,4.2705
131.vasp,4.5890
132.vasp,4.9252
133.vasp,5.1280
134.vasp,5.1654
135.vasp,3.9111
136.vasp,4.1162
137.vasp,4.2636
138.vasp,4.3225
139.vasp,4.3390
141.vasp,3.9570
140.vasp,4.1214
142.vasp,4.3292
143.vasp,4.3365
144.vasp,4.3396
145.vasp,2.8977
146.vasp,3.1364
147.vasp,3.2989
148.vasp,3.4210
149.vasp,3.5205
150.vasp,2.2743
151.vasp,2.5631
152.vasp,2.9377
153.vasp,3.2353
154.vasp,3.5056
155.vasp,0.4033
156.vasp,0.4565
157.vasp,0.6518
158.vasp,0.8864
159.vasp,1.1449
160.vasp,0.5644
161.vasp,0.8288
162.vasp,1.0610
163.vasp,1.1769
164.vasp,1.2876
165.vasp,1.1601
166.vasp,1.1139
167.vasp,1.0039
168.vasp,0.8785
169.vasp,0.7831
170.vasp,0.7365
171.vasp,0.7065
172.vasp,0.7077
173.vasp,0.7481
174.vasp,0.8401
175.vasp,1.2684
176.vasp,1.5969
177.vasp,1.8404
178.vasp,1.9546
179.vasp,1.9851
180.vasp,1.5674
181.vasp,1.8364
182.vasp,1.9542
183.vasp,1.9796
184.vasp,1.9874
185.vasp,2.8715
186.vasp,2.8473
187.vasp,2.7878
188.vasp,2.6727
189.vasp,2.3313
190.vasp,2.4498
191.vasp,2.3872
192.vasp,2.3092
193.vasp,2.2592
194.vasp,2.2313
195.vasp,-0.0528
196.vasp,0.1308
197.vasp,0.2465
198.vasp,0.3096
199.vasp,0.4275
200.vasp,0.2004
201.vasp,0.1029
202.vasp,0.0844
203.vasp,0.3086
204.vasp,0.4159
205.vasp,0.5437
206.vasp,0.5163
207.vasp,0.6740
208.vasp,0.8272
209.vasp,0.8815
210.vasp,0.0974
211.vasp,0.3898
212.vasp,0.7308
213.vasp,0.8424
214.vasp,0.8861
215.vasp,0.5946
216.vasp,0.4839
217.vasp,0.6087
218.vasp,0.8035
219.vasp,0.8753
220.vasp,3.2514
221.vasp,3.7101
222.vasp,4.2037
223.vasp,4.4924
224.vasp,4.3862
225.vasp,4.2343
226.vasp,4.3515
227.vasp,4.5357
228.vasp,4.6213
229.vasp,4.4166
230.vasp,0.0000
231.vasp,0.0005
232.vasp,0.0004
233.vasp,0.0011
234.vasp,0.0004
235.vasp,0.2533
236.vasp,0.3396
237.vasp,0.5170
238.vasp,0.6153
239.vasp,0.6944
240.vasp,0.1195
241.vasp,0.2141
242.vasp,0.4062
243.vasp,0.5513
244.vasp,0.6968
245.vasp,0.2594
246.vasp,0.2594
247.vasp,0.4102
248.vasp,0.5350
249.vasp,0.6911
250.vasp,0.8870
251.vasp,1.1364
252.vasp,1.4065
253.vasp,1.5730
254.vasp,1.7112
255.vasp,0.9895
256.vasp,1.0861
257.vasp,1.3034
258.vasp,1.4773
259.vasp,1.6516
260.vasp,1.4214
261.vasp,1.6504
262.vasp,1.8792
263.vasp,1.9584
264.vasp,2.0227
265.vasp,1.7039
266.vasp,1.8332
267.vasp,1.9537
268.vasp,2.0091
269.vasp,2.0290
270.vasp,0.7725
271.vasp,0.7496
272.vasp,0.4941
273.vasp,0.3684
274.vasp,0.3591
275.vasp,0.4721
276.vasp,0.3893
277.vasp,0.3103
278.vasp,0.3120
279.vasp,0.3872
280.vasp,0.8216
281.vasp,0.5870
282.vasp,0.3264
283.vasp,0.2031
284.vasp,0.3319
285.vasp,4.3340
286.vasp,4.4365
287.vasp,4.5930
288.vasp,4.6169
289.vasp,4.6709
290.vasp,4.3105
291.vasp,4.4503
292.vasp,4.5913
293.vasp,4.6200
294.vasp,4.6918
295.vasp,4.2706
296.vasp,4.4860
297.vasp,4.6096
298.vasp,4.6368
299.vasp,4.6923
300.vasp,5.5079
301.vasp,5.6550
302.vasp,5.8259
303.vasp,5.8699
304.vasp,5.9047
305.vasp,5.5476
306.vasp,5.6945
307.vasp,5.8457
308.vasp,5.8705
309.vasp,5.9003
310.vasp,5.5034
311.vasp,5.6898
312.vasp,5.8510
313.vasp,5.8766
314.vasp,5.9171
315.vasp,3.3795
316.vasp,3.5283
317.vasp,3.5352
318.vasp,3.5598
319.vasp,3.5801
320.vasp,3.3912
321.vasp,3.4527
322.vasp,3.5104
323.vasp,3.5422
324.vasp,3.5757
325.vasp,3.1269
326.vasp,3.2873
327.vasp,3.4113
328.vasp,3.5093
329.vasp,3.5697
330.vasp,3.3964
331.vasp,3.4230
332.vasp,3.4349
333.vasp,3.3908
334.vasp,3.0172
335.vasp,3.3704
336.vasp,3.3411
337.vasp,3.2510
338.vasp,3.0834
339.vasp,2.9696
340.vasp,3.4023
341.vasp,3.4244
342.vasp,3.4164
343.vasp,3.3238
344.vasp,2.9606
345.vasp,0.0420
346.vasp,0.1746
347.vasp,0.5047
348.vasp,0.5393
349.vasp,0.6088
350.vasp,0.2222
351.vasp,0.4149
352.vasp,0.5548
353.vasp,0.5815
354.vasp,0.6868
355.vasp,0.3823
356.vasp,0.3199
357.vasp,0.4898
358.vasp,0.5329
359.vasp,0.5989
360.vasp,-0.5327
361.vasp,-0.2142
362.vasp,0.5124
363.vasp,0.9815
364.vasp,1.1434
365.vasp,0.2431
366.vasp,0.5988
367.vasp,0.9871
368.vasp,1.0850
369.vasp,1.1834
370.vasp,0.0864
371.vasp,0.0154
372.vasp,0.0330
373.vasp,0.7428
374.vasp,1.1290
375.vasp,0.3316
376.vasp,0.3084
377.vasp,0.3657
378.vasp,0.3442
379.vasp,0.3671
380.vasp,-0.0019
381.vasp,0.2134
382.vasp,0.2988
383.vasp,0.3276
384.vasp,0.3748
385.vasp,0.2070
386.vasp,0.2965
387.vasp,0.3671
388.vasp,0.3499
389.vasp,0.3758
390.vasp,1.8544
391.vasp,2.0401
392.vasp,2.1342
393.vasp,2.1775
394.vasp,2.1875
395.vasp,2.1406
396.vasp,2.1384
397.vasp,2.1555
398.vasp,2.1752
399.vasp,2.1872
400.vasp,2.1362
401.vasp,2.1543
402.vasp,2.1708
403.vasp,2.1808
404.vasp,2.1872
405.vasp,1.1427
406.vasp,1.3308
407.vasp,1.4391
408.vasp,1.4685
409.vasp,1.5019
410.vasp,1.1701
411.vasp,1.3481
412.vasp,1.4410
413.vasp,1.4774
414.vasp,1.5032
415.vasp,0.6321
416.vasp,1.0157
417.vasp,1.3013
418.vasp,1.4370
419.vasp,1.5012
420.vasp,0.6012
421.vasp,0.6754
422.vasp,0.8147
423.vasp,1.0872
424.vasp,1.3262
425.vasp,2.1645
426.vasp,2.1549
427.vasp,2.2827
428.vasp,2.4159
429.vasp,2.4492
430.vasp,2.0076
431.vasp,2.1892
432.vasp,2.3837
433.vasp,2.4360
434.vasp,2.4480
435.vasp,0.6762
436.vasp,0.5547
437.vasp,0.6804
438.vasp,0.8773
439.vasp,0.9278
440.vasp,-0.0877
441.vasp,0.3152
442.vasp,0.7130
443.vasp,0.8689
444.vasp,0.9279
445.vasp,0.5143
446.vasp,0.5756
447.vasp,0.5704
448.vasp,0.8461
449.vasp,0.9241
450.vasp,0.6876
451.vasp,0.6050
452.vasp,0.7267
453.vasp,0.9317
454.vasp,1.0035
455.vasp,0.0475
456.vasp,0.4056
457.vasp,0.8004
458.vasp,0.9439
459.vasp,1.0036
460.vasp,0.6631
461.vasp,0.6434
462.vasp,0.6034
463.vasp,0.9349
464.vasp,1.0028
465.vasp,3.6392
466.vasp,3.6820
467.vasp,3.7291
468.vasp,3.7025
469.vasp,3.3771
470.vasp,3.6727
471.vasp,3.7212
472.vasp,3.7176
473.vasp,3.6143
474.vasp,3.3390
475.vasp,3.7175
476.vasp,3.6926
477.vasp,3.5854
478.vasp,3.4254
479.vasp,3.3743
480.vasp,1.6336
481.vasp,1.7905
482.vasp,2.0620
483.vasp,2.2150
484.vasp,2.3113
485.vasp,1.6265
486.vasp,1.7250
487.vasp,1.9527
488.vasp,2.1454
489.vasp,2.2973
490.vasp,-0.6373
491.vasp,-0.7006
492.vasp,-0.7329
493.vasp,-0.7368
494.vasp,-0.6941
495.vasp,-0.7322
496.vasp,-0.7307
497.vasp,-0.7262
498.vasp,-0.7085
499.vasp,-0.6834
500.vasp,-0.8072
501.vasp,-0.8209
502.vasp,-0.7605
503.vasp,-0.7363
504.vasp,-0.6868
505.vasp,0.1776
506.vasp,0.4796
507.vasp,0.6268
508.vasp,0.6760
509.vasp,0.7405
510.vasp,-0.0668
511.vasp,0.2363
512.vasp,0.5038
513.vasp,0.6499
514.vasp,0.7371
515.vasp,0.5506
516.vasp,0.6554
517.vasp,0.7020
518.vasp,0.7345
519.vasp,0.7504
520.vasp,0.3773
521.vasp,0.5937
522.vasp,0.9074
523.vasp,1.1464
524.vasp,1.3075
525.vasp,0.7946
526.vasp,0.7350
527.vasp,0.7519
528.vasp,1.0130
529.vasp,1.2480
530.vasp,0.6035
531.vasp,0.5437
532.vasp,0.4799
533.vasp,0.5199
534.vasp,0.6258
535.vasp,1.3207
536.vasp,1.1625
537.vasp,0.7862
538.vasp,0.5828
539.vasp,0.5563
540.vasp,1.7382
541.vasp,1.9481
542.vasp,2.1364
543.vasp,2.1931
544.vasp,2.2327
545.vasp,1.8174
546.vasp,1.9776
547.vasp,2.1888
548.vasp,2.2200
549.vasp,2.2381
550.vasp,1.3545
551.vasp,1.4149
552.vasp,1.5002
553.vasp,1.5531
554.vasp,1.5833
555.vasp,1.4645
556.vasp,1.5498
557.vasp,1.5694
558.vasp,1.5851
559.vasp,1.5951
560.vasp,3.2073
561.vasp,3.3936
562.vasp,3.5776
563.vasp,3.6808
564.vasp,3.7506
565.vasp,0.2449
566.vasp,0.2990
567.vasp,0.3604
568.vasp,0.4133
569.vasp,0.4688
570.vasp,0.1458
571.vasp,0.2168
572.vasp,0.3002
573.vasp,0.3775
574.vasp,0.4501
575.vasp,0.2775
576.vasp,0.2847
577.vasp,0.3188
578.vasp,0.3820
579.vasp,0.4524
580.vasp,2.3020
581.vasp,2.5498
582.vasp,2.7517
583.vasp,2.8266
584.vasp,2.8413
585.vasp,2.7556
586.vasp,2.8208
587.vasp,2.8397
588.vasp,2.8422
589.vasp,2.8417
590.vasp,6.0272
591.vasp,6.0221
592.vasp,5.9865
593.vasp,5.9053
594.vasp,5.9292
595.vasp,6.5985
596.vasp,6.5969
597.vasp,6.4813
598.vasp,6.2512
599.vasp,5.9111
600.vasp,5.5827
601.vasp,5.7706
602.vasp,5.8788
603.vasp,5.8941
604.vasp,6.0198
605.vasp,2.9483
606.vasp,2.9618
607.vasp,2.9878
608.vasp,3.0241
609.vasp,3.0793
610.vasp,2.9453
611.vasp,2.9659
612.vasp,2.9922
613.vasp,3.0290
614.vasp,3.0792
615.vasp,2.9474
616.vasp,2.9619
617.vasp,2.9873
618.vasp,3.0183
619.vasp,3.0762
620.vasp,-0.7470
621.vasp,-0.9694
622.vasp,-0.8007
623.vasp,-0.1202
624.vasp,0.4606
625.vasp,-0.3588
626.vasp,-0.1012
627.vasp,0.2392
628.vasp,0.4917
629.vasp,0.6120
630.vasp,-0.4892
631.vasp,-0.1828
632.vasp,-0.0116
633.vasp,0.3221
634.vasp,0.5976
635.vasp,0.0546
636.vasp,0.0533
637.vasp,0.0489
638.vasp,0.0308
639.vasp,-0.0074
640.vasp,0.0869
641.vasp,0.0504
642.vasp,0.0271
643.vasp,0.0217
644.vasp,-0.0136
645.vasp,3.5984
646.vasp,3.6446
647.vasp,3.7170
648.vasp,3.7664
649.vasp,3.8086
650.vasp,3.2544
651.vasp,3.4948
652.vasp,3.6405
653.vasp,3.6861
654.vasp,3.7690
655.vasp,0.3826
656.vasp,0.3990
657.vasp,0.4209
658.vasp,0.4473
659.vasp,0.4700
660.vasp,0.2592
661.vasp,0.2840
662.vasp,0.3602
663.vasp,0.4335
664.vasp,0.4704
665.vasp,0.0424
666.vasp,0.2398
667.vasp,0.3720
668.vasp,0.4351
669.vasp,0.4674
670.vasp,-2.9244
671.vasp,-2.9680
672.vasp,-3.0269
673.vasp,-3.0962
674.vasp,-3.2243
675.vasp,-2.8517
676.vasp,-2.9993
677.vasp,-3.1242
678.vasp,-3.1693
679.vasp,-3.2639
680.vasp,-2.9978
681.vasp,-3.0684
682.vasp,-2.9710
683.vasp,-3.2051
684.vasp,-3.2500
685.vasp,2.5104
686.vasp,2.6938
687.vasp,2.9192
688.vasp,2.9937
689.vasp,3.0244
690.vasp,2.5097
691.vasp,2.7380
692.vasp,2.9236
693.vasp,2.9945
694.vasp,3.0256
695.vasp,0.1743
696.vasp,0.5931
697.vasp,0.8814
698.vasp,0.9499
699.vasp,0.9739
700.vasp,0.7162
701.vasp,0.6135
702.vasp,0.6385
703.vasp,0.9542
704.vasp,0.9692
705.vasp,0.6302
706.vasp,0.5692
707.vasp,0.8143
708.vasp,0.9470
709.vasp,0.9718
710.vasp,-0.0432
711.vasp,0.3644
712.vasp,0.6090
713.vasp,0.7589
714.vasp,0.8242
715.vasp,0.2558
716.vasp,0.6323
717.vasp,0.7786
718.vasp,0.8089
719.vasp,0.8310
720.vasp,-0.0471
721.vasp,0.3261
722.vasp,0.5777
723.vasp,0.6569
724.vasp,0.6628
725.vasp,0.4818
726.vasp,0.4279
727.vasp,0.6056
728.vasp,0.6574
729.vasp,0.6627
730.vasp,0.3691
731.vasp,0.4378
732.vasp,0.4981
733.vasp,0.6542
734.vasp,0.6621
735.vasp,-0.0153
736.vasp,0.3360
737.vasp,0.4939
738.vasp,0.5823
739.vasp,0.6223
740.vasp,0.3296
741.vasp,0.2977
742.vasp,0.4627
743.vasp,0.5850
744.vasp,0.6214
745.vasp,0.2213
746.vasp,0.3559
747.vasp,0.3275
748.vasp,0.5753
749.vasp,0.6182
750.vasp,5.6627
751.vasp,5.6914
752.vasp,5.6753
753.vasp,5.6563
754.vasp,5.6714
755.vasp,5.4736
756.vasp,5.5662
757.vasp,5.6304
758.vasp,5.6500
759.vasp,5.6750
760.vasp,5.7028
761.vasp,5.6906
762.vasp,5.6688
763.vasp,5.6558
764.vasp,5.6779
765.vasp,5.6218
766.vasp,5.6349
767.vasp,5.6494
768.vasp,5.6539
769.vasp,5.6849
770.vasp,2.9084
771.vasp,3.0076
772.vasp,3.1703
773.vasp,3.2773
774.vasp,3.3284
775.vasp,2.0162
776.vasp,2.1861
777.vasp,2.3746
778.vasp,2.4319
779.vasp,2.4486
780.vasp,2.5389
781.vasp,2.6574
782.vasp,2.7272
783.vasp,2.7489
784.vasp,2.7577
785.vasp,1.2125
786.vasp,1.3098
787.vasp,1.4252
788.vasp,1.4780
789.vasp,1.4946
790.vasp,0.3752
791.vasp,0.3488
792.vasp,0.1595
793.vasp,0.0493
794.vasp,0.0045
795.vasp,4.0094
796.vasp,4.1583
797.vasp,4.2137
798.vasp,4.2167
799.vasp,4.2166
800.vasp,3.4242
801.vasp,3.5452
802.vasp,3.6245
803.vasp,3.6707
804.vasp,3.6913
805.vasp,1.6500
806.vasp,1.8941
807.vasp,2.0392
808.vasp,2.1245
809.vasp,2.1952
810.vasp,1.7611
811.vasp,1.8775
812.vasp,2.0234
813.vasp,2.1456
814.vasp,2.1973
815.vasp,1.8513
816.vasp,1.9175
817.vasp,2.0355
818.vasp,2.1406
819.vasp,2.2073
820.vasp,1.9774
821.vasp,2.0156
822.vasp,2.0835
823.vasp,2.1510
824.vasp,2.1982
825.vasp,2.2256
826.vasp,2.4460
827.vasp,2.5975
828.vasp,2.7041
829.vasp,2.7603
830.vasp,3.7765
831.vasp,3.8681
832.vasp,3.9427
833.vasp,3.8548
834.vasp,3.5619
835.vasp,2.7145
836.vasp,2.7449
837.vasp,2.7178
838.vasp,2.5367
839.vasp,2.4056
840.vasp,2.5724
841.vasp,2.6787
842.vasp,2.7751
843.vasp,2.6510
844.vasp,2.4194
845.vasp,2.7641
846.vasp,2.7479
847.vasp,2.6728
848.vasp,2.5011
849.vasp,2.4140
850.vasp,2.3916
851.vasp,2.5774
852.vasp,2.8303
853.vasp,3.0023
854.vasp,3.0284
855.vasp,3.0133
856.vasp,3.2506
857.vasp,3.4468
858.vasp,3.5057
859.vasp,3.5228
860.vasp,1.7689
861.vasp,1.9702
862.vasp,2.2325
863.vasp,2.2882
864.vasp,2.3098
865.vasp,5.0563
866.vasp,4.9331
867.vasp,4.7194
868.vasp,4.5010
869.vasp,4.3593
870.vasp,3.2300
871.vasp,3.5457
872.vasp,3.7756
873.vasp,3.8591
874.vasp,3.9090
875.vasp,4.3904
876.vasp,4.5572
877.vasp,4.8558
878.vasp,5.1026
879.vasp,5.1623
880.vasp,4.0231
881.vasp,4.1577
882.vasp,4.3141
883.vasp,4.3393
884.vasp,4.3399
885.vasp,3.5571
886.vasp,3.6427
887.vasp,3.7099
888.vasp,3.7640
889.vasp,3.7905
890.vasp,3.5453
891.vasp,3.7328
892.vasp,3.7872
893.vasp,3.7992
894.vasp,3.8073
895.vasp,3.5247
896.vasp,3.6353
897.vasp,3.7477
898.vasp,3.7936
899.vasp,3.8014
900.vasp,1.6346
901.vasp,1.9969
902.vasp,2.5993
903.vasp,3.2601
904.vasp,3.5215
905.vasp,0.4378
906.vasp,0.7583
907.vasp,0.9872
908.vasp,1.1331
909.vasp,1.2708
910.vasp,0.5923
911.vasp,0.6428
912.vasp,0.7283
913.vasp,0.7300
914.vasp,0.7784
915.vasp,0.5340
916.vasp,0.6477
917.vasp,0.7089
918.vasp,0.7727
919.vasp,0.8524
920.vasp,0.7599
921.vasp,0.8085
922.vasp,0.8490
923.vasp,0.8624
924.vasp,0.8607
925.vasp,0.5007
926.vasp,0.6042
927.vasp,0.7032
928.vasp,0.7695
929.vasp,0.8328
930.vasp,0.9416
931.vasp,0.9904
932.vasp,1.0432
933.vasp,1.0764
934.vasp,0.9709
935.vasp,0.9277
936.vasp,0.9529
937.vasp,0.9243
938.vasp,0.9439
939.vasp,1.0199
940.vasp,1.1440
941.vasp,1.2046
942.vasp,1.2251
943.vasp,1.1921
944.vasp,1.0910
945.vasp,1.0760
946.vasp,1.0895
947.vasp,1.0934
948.vasp,1.1154
949.vasp,1.0325
950.vasp,2.2023
951.vasp,2.1436
952.vasp,2.0979
953.vasp,2.0006
954.vasp,1.9800
955.vasp,1.8031
956.vasp,1.8878
957.vasp,1.9267
958.vasp,1.9380
959.vasp,2.0036
960.vasp,1.8505
961.vasp,1.9056
962.vasp,1.9398
963.vasp,1.9547
964.vasp,2.0058
965.vasp,2.0898
966.vasp,2.0971
967.vasp,2.0688
968.vasp,2.0012
969.vasp,1.9802
970.vasp,3.8210
971.vasp,3.9756
972.vasp,3.8978
973.vasp,3.4947
974.vasp,3.0037
975.vasp,5.0679
976.vasp,5.0350
977.vasp,4.8856
978.vasp,4.4325
979.vasp,3.2634
980.vasp,0.8199
981.vasp,0.9133
982.vasp,0.8741
983.vasp,0.7637
984.vasp,0.8169
985.vasp,1.8146
986.vasp,1.8871
987.vasp,1.9676
988.vasp,2.0577
989.vasp,2.2226
990.vasp,1.6930
991.vasp,1.7075
992.vasp,1.8126
993.vasp,1.9702
994.vasp,2.1338
995.vasp,1.5561
996.vasp,1.6571
997.vasp,1.8193
998.vasp,1.9446
999.vasp,1.9857
1000.vasp,0.9796
1001.vasp,0.9853
1002.vasp,0.9553
1003.vasp,0.8608
1004.vasp,0.7317
1005.vasp,0.8427
1006.vasp,0.7769
1007.vasp,0.7263
1008.vasp,0.7120
1009.vasp,0.7400
1010.vasp,1.0677
1011.vasp,1.0033
1012.vasp,0.9228
1013.vasp,0.8276
1014.vasp,0.7333
1015.vasp,1.0745
1016.vasp,1.0420
1017.vasp,0.9813
1018.vasp,0.8981
1019.vasp,0.7544
1020.vasp,1.9954
1021.vasp,2.0824
1022.vasp,2.1624
1023.vasp,2.2257
1024.vasp,2.2968
1025.vasp,1.9724
1026.vasp,2.0496
1027.vasp,2.1234
1028.vasp,2.1932
1029.vasp,2.2659
1030.vasp,2.2339
1031.vasp,2.3388
1032.vasp,2.4183
1033.vasp,2.3052
1034.vasp,2.2404
1035.vasp,2.2197
1036.vasp,2.3074
1037.vasp,2.2696
1038.vasp,2.2296
1039.vasp,2.2718
1040.vasp,4.0353
1041.vasp,4.5624
1042.vasp,4.8783
1043.vasp,5.0470
1044.vasp,5.0913
1045.vasp,4.9865
1046.vasp,4.9333
1047.vasp,4.9546
1048.vasp,5.0441
1049.vasp,5.0893
1050.vasp,3.8386
1051.vasp,4.3931
1052.vasp,4.7218
1053.vasp,5.0163
1054.vasp,5.0906
1055.vasp,-1.5556
1056.vasp,-1.5999
1057.vasp,-1.4554
1058.vasp,-1.3380
1059.vasp,-1.1944
1060.vasp,-0.7965
1061.vasp,-0.9316
1062.vasp,-0.9741
1063.vasp,-1.1786
1064.vasp,-1.1892
1065.vasp,-0.6607
1066.vasp,-0.8472
1067.vasp,-1.0535
1068.vasp,-1.0971
1069.vasp,-1.1750
1070.vasp,-0.8150
1071.vasp,-0.7839
1072.vasp,-0.9928
1073.vasp,-1.2567
1074.vasp,-1.2086
1075.vasp,2.6067
1076.vasp,2.6035
1077.vasp,2.5387
1078.vasp,2.3885
1079.vasp,2.2308
1080.vasp,-0.3807
1081.vasp,-0.0650
1082.vasp,0.2244
1083.vasp,0.4712
1084.vasp,0.6085
1085.vasp,-0.2342
1086.vasp,0.2331
1087.vasp,0.5346
1088.vasp,0.5112
1089.vasp,0.5778
1090.vasp,0.1348
1091.vasp,0.0520
1092.vasp,0.1453
1093.vasp,0.3341
1094.vasp,0.6210
1095.vasp,-0.0518
1096.vasp,0.0486
1097.vasp,0.1318
1098.vasp,0.4088
1099.vasp,0.6204
1100.vasp,2.7877
1101.vasp,3.0509
1102.vasp,3.2057
1103.vasp,3.2870
1104.vasp,3.3290
1105.vasp,0.0157
1106.vasp,0.0544
1107.vasp,0.1764
1108.vasp,0.3147
1109.vasp,0.4117
1110.vasp,-0.1789
1111.vasp,0.0078
1112.vasp,0.2902
1113.vasp,0.3487
1114.vasp,0.4714
1115.vasp,-0.0441
1116.vasp,0.2460
1117.vasp,0.6623
1118.vasp,0.8649
1119.vasp,0.9257
1120.vasp,0.1856
1121.vasp,0.3941
1122.vasp,0.7485
1123.vasp,0.9260
1124.vasp,0.9952
1125.vasp,0.2122
1126.vasp,0.3361
1127.vasp,0.6635
1128.vasp,0.8034
1129.vasp,0.8772
1130.vasp,1.9526
1131.vasp,2.2062
1132.vasp,2.3742
1133.vasp,2.4325
1134.vasp,2.4472
1135.vasp,2.4424
1136.vasp,2.6494
1137.vasp,2.7230
1138.vasp,2.7487
1139.vasp,2.7580
1140.vasp,1.4073
1141.vasp,1.4718
1142.vasp,1.4871
1143.vasp,1.4915
1144.vasp,1.4935
1145.vasp,4.0481
1146.vasp,4.2502
1147.vasp,4.4550
1148.vasp,4.5826
1149.vasp,4.3619
1150.vasp,3.6219
1151.vasp,3.9811
1152.vasp,4.3045
1153.vasp,4.5284
1154.vasp,4.3715
1155.vasp,0.3054
1156.vasp,0.2657
1157.vasp,0.1792
1158.vasp,0.0984
1159.vasp,0.0074
1160.vasp,3.9868
1161.vasp,4.1795
1162.vasp,4.2148
1163.vasp,4.2159
1164.vasp,4.2170
1165.vasp,3.0898
1166.vasp,3.4532
1167.vasp,3.6012
1168.vasp,3.6540
1169.vasp,3.6884
1170.vasp,3.7448
1171.vasp,3.7431
1172.vasp,3.6944
1173.vasp,3.5165
1174.vasp,3.3285
1175.vasp,0.1521
1176.vasp,0.2719
1177.vasp,0.4208
1178.vasp,0.5466
1179.vasp,0.6615
1180.vasp,1.5682
1181.vasp,1.7639
1182.vasp,1.9673
1183.vasp,2.1399
1184.vasp,2.2879
1185.vasp,1.5422
1186.vasp,1.7687
1187.vasp,2.0179
1188.vasp,2.1680
1189.vasp,2.3046
1190.vasp,0.9371
1191.vasp,1.0993
1192.vasp,1.3008
1193.vasp,1.5148
1194.vasp,1.7122
1195.vasp,0.9020
1196.vasp,1.1154
1197.vasp,1.3730
1198.vasp,1.5472
1199.vasp,1.6854
1200.vasp,2.0361
1201.vasp,2.1205
1202.vasp,2.1844
1203.vasp,2.2204
1204.vasp,2.2415
1205.vasp,2.0513
1206.vasp,2.1142
1207.vasp,2.1766
1208.vasp,2.2219
1209.vasp,2.2409
1210.vasp,2.1065
1211.vasp,2.1663
1212.vasp,2.2026
1213.vasp,2.2251
1214.vasp,2.2401
1215.vasp,2.1749
1216.vasp,2.1930
1217.vasp,2.2132
1218.vasp,2.2288
1219.vasp,2.2398
1220.vasp,1.6647
1221.vasp,1.7949
1222.vasp,1.9182
1223.vasp,1.9825
1224.vasp,2.0228
1225.vasp,1.5362
1226.vasp,1.7404
1227.vasp,1.9043
1228.vasp,1.9844
1229.vasp,2.0304
1230.vasp,0.5917
1231.vasp,0.9761
1232.vasp,1.3773
1233.vasp,1.4823
1234.vasp,1.5865
1235.vasp,1.0315
1236.vasp,1.3330
1237.vasp,1.5545
1238.vasp,1.4462
1239.vasp,1.5753
1240.vasp,1.1899
1241.vasp,1.1629
1242.vasp,1.1686
1243.vasp,1.2794
1244.vasp,1.5393
1245.vasp,0.6777
1246.vasp,0.8646
1247.vasp,1.0965
1248.vasp,1.3467
1249.vasp,1.5772
1250.vasp,0.6974
1251.vasp,0.8369
1252.vasp,0.9267
1253.vasp,1.0009
1254.vasp,1.0441
1255.vasp,0.6165
1256.vasp,0.9351
1257.vasp,1.0321
1258.vasp,1.0082
1259.vasp,1.0315
1260.vasp,0.7843
1261.vasp,0.9018
1262.vasp,0.9826
1263.vasp,1.0219
1264.vasp,1.0404
1265.vasp,0.4025
1266.vasp,0.6118
1267.vasp,0.8107
1268.vasp,0.9440
1269.vasp,1.0203
1270.vasp,0.4612
1271.vasp,0.6525
1272.vasp,0.7911
1273.vasp,0.9128
1274.vasp,0.9730
1275.vasp,0.4633
1276.vasp,0.7692
1277.vasp,0.8696
1278.vasp,0.9427
1279.vasp,0.9725
1280.vasp,0.2898
1281.vasp,0.7194
1282.vasp,0.8717
1283.vasp,0.9462
1284.vasp,0.9775
1285.vasp,0.4587
1286.vasp,0.7025
1287.vasp,0.8673
1288.vasp,0.9405
1289.vasp,0.9723
1290.vasp,1.9932
1291.vasp,2.3608
1292.vasp,2.6490
1293.vasp,2.7096
1294.vasp,2.7576
1295.vasp,1.4268
1296.vasp,1.4959
1297.vasp,1.4228
1298.vasp,1.3563
1299.vasp,1.4361
1300.vasp,1.1101
1301.vasp,1.2437
1302.vasp,1.3265
1303.vasp,1.3379
1304.vasp,1.4802
1305.vasp,1.1730
1306.vasp,1.1449
1307.vasp,1.1256
1308.vasp,1.1709
1309.vasp,1.3780
1310.vasp,0.9415
1311.vasp,0.9941
1312.vasp,1.0758
1313.vasp,1.1573
1314.vasp,1.3576
1315.vasp,0.6095
1316.vasp,0.5445
1317.vasp,0.3480
1318.vasp,0.2956
1319.vasp,0.3605
1320.vasp,5.7543
1321.vasp,6.0167
1322.vasp,6.2752
1323.vasp,6.2956
1324.vasp,6.1269
1325.vasp,5.6197
1326.vasp,5.8734
1327.vasp,6.1127
1328.vasp,6.3656
1329.vasp,6.1387
1330.vasp,6.1536
1331.vasp,6.3755
1332.vasp,6.4109
1333.vasp,6.4291
1334.vasp,6.1383
1335.vasp,5.7457
1336.vasp,6.1023
1337.vasp,6.2234
1338.vasp,6.3967
1339.vasp,6.1381
1340.vasp,3.9939
1341.vasp,4.0013
1342.vasp,3.9727
1343.vasp,3.8345
1344.vasp,3.5981
1345.vasp,4.2459
1346.vasp,4.5116
1347.vasp,4.6068
1348.vasp,4.6329
1349.vasp,4.6838
1350.vasp,5.4923
1351.vasp,5.6996
1352.vasp,5.8488
1353.vasp,5.8734
1354.vasp,5.9139
1355.vasp,3.2057
1356.vasp,3.3860
1357.vasp,3.4699
1358.vasp,3.5312
1359.vasp,3.5750
1360.vasp,3.4268
1361.vasp,3.4072
1362.vasp,3.3494
1363.vasp,3.1922
1364.vasp,2.9575
1365.vasp,4.3704
1366.vasp,4.4892
1367.vasp,4.6273
1368.vasp,4.7303
1369.vasp,4.8026
1370.vasp,4.4725
1371.vasp,4.6339
1372.vasp,4.7445
1373.vasp,4.7998
1374.vasp,4.8168
1375.vasp,4.1547
1376.vasp,4.6692
1377.vasp,4.7618
1378.vasp,4.8081
1379.vasp,4.8187
1380.vasp,5.3380
1381.vasp,5.1557
1382.vasp,4.9976
1383.vasp,4.8831
1384.vasp,4.8241
1385.vasp,2.8672
1386.vasp,2.8549
1387.vasp,2.7953
1388.vasp,2.6027
1389.vasp,2.4117
1390.vasp,-0.1091
1391.vasp,0.3176
1392.vasp,0.5667
1393.vasp,0.6968
1394.vasp,0.8358
1395.vasp,0.3211
1396.vasp,0.4882
1397.vasp,0.5797
1398.vasp,0.6515
1399.vasp,0.8090
1400.vasp,-0.0052
1401.vasp,0.0145
1402.vasp,0.1754
1403.vasp,0.5065
1404.vasp,0.8082
1405.vasp,-0.0022
1406.vasp,0.0015
1407.vasp,0.3838
1408.vasp,0.6181
1409.vasp,0.8073
1410.vasp,2.1532
1411.vasp,2.5724
1412.vasp,2.8577
1413.vasp,2.9898
1414.vasp,3.0272
1415.vasp,2.9676
1416.vasp,3.2924
1417.vasp,3.4415
1418.vasp,3.5003
1419.vasp,3.5231
1420.vasp,1.6499
1421.vasp,2.0051
1422.vasp,2.2293
1423.vasp,2.3094
1424.vasp,2.3098
1425.vasp,0.2458
1426.vasp,0.3915
1427.vasp,0.5339
1428.vasp,0.5471
1429.vasp,0.6360
1430.vasp,4.0419
1431.vasp,4.1989
1432.vasp,4.3186
1433.vasp,4.3514
1434.vasp,4.3393
1435.vasp,-0.1829
1436.vasp,0.2857
1437.vasp,0.8522
1438.vasp,1.0705
1439.vasp,1.1875
1440.vasp,0.0568
1441.vasp,0.1695
1442.vasp,0.2939
1443.vasp,0.3272
1444.vasp,0.3776
1445.vasp,0.5398
1446.vasp,0.7033
1447.vasp,0.7554
1448.vasp,0.7940
1449.vasp,0.8303
1450.vasp,0.2896
1451.vasp,0.5397
1452.vasp,0.6995
1453.vasp,0.7683
1454.vasp,0.8275
1455.vasp,0.5448
1456.vasp,0.6783
1457.vasp,0.7622
1458.vasp,0.7959
1459.vasp,0.8303
1460.vasp,0.5931
1461.vasp,0.6602
1462.vasp,0.7573
1463.vasp,0.7929
1464.vasp,0.8231
1465.vasp,2.1242
1466.vasp,2.1424
1467.vasp,2.1623
1468.vasp,2.1765
1469.vasp,2.1868
1470.vasp,-0.4673
1471.vasp,-0.5784
1472.vasp,-0.6695
1473.vasp,-0.6857
1474.vasp,-0.6814
1475.vasp,3.5743
1476.vasp,3.7288
1477.vasp,3.7939
1478.vasp,3.8535
1479.vasp,3.9082
1480.vasp,1.5610
1481.vasp,1.7372
1482.vasp,1.9149
1483.vasp,2.0560
1484.vasp,2.1556
1485.vasp,0.5936
1486.vasp,0.9221
1487.vasp,1.4197
1488.vasp,1.9246
1489.vasp,2.1472
1490.vasp,0.7683
1491.vasp,0.9454
1492.vasp,1.4201
1493.vasp,1.9258
1494.vasp,2.1508
1495.vasp,1.0068
1496.vasp,1.4328
1497.vasp,1.7985
1498.vasp,2.0517
1499.vasp,2.1624
1500.vasp,0.8054
1501.vasp,1.2849
1502.vasp,1.4027
1503.vasp,1.4675
1504.vasp,1.5031
1505.vasp,0.1426
1506.vasp,0.5196
1507.vasp,0.6326
1508.vasp,0.7101
1509.vasp,0.7463
1510.vasp,0.4269
1511.vasp,0.5242
1512.vasp,0.6298
1513.vasp,0.7116
1514.vasp,0.7697
1515.vasp,-0.1525
1516.vasp,0.3455
1517.vasp,0.6874
1518.vasp,0.7625
1519.vasp,0.7735
1520.vasp,0.4560
1521.vasp,0.6433
1522.vasp,0.7227
1523.vasp,0.7516
1524.vasp,0.7772
1525.vasp,0.1858
1526.vasp,0.3884
1527.vasp,0.5970
1528.vasp,0.7095
1529.vasp,0.7714
1530.vasp,4.2838
1531.vasp,4.6453
1532.vasp,4.9278
1533.vasp,5.1283
1534.vasp,5.1661
1535.vasp,3.8622
1536.vasp,4.1732
1537.vasp,4.3332
1538.vasp,4.3397
1539.vasp,4.3382
1540.vasp,3.4356
1541.vasp,3.6078
1542.vasp,3.7060
1543.vasp,3.7669
1544.vasp,3.7973
1545.vasp,0.3824
1546.vasp,0.5255
1547.vasp,0.8200
1548.vasp,1.1306
1549.vasp,1.3298
1550.vasp,2.2686
1551.vasp,2.5432
1552.vasp,2.9787
1553.vasp,3.2960
1554.vasp,3.5152
1555.vasp,2.7390
1556.vasp,2.9323
1557.vasp,3.1208
1558.vasp,3.2173
1559.vasp,3.3651
1560.vasp,2.6355
1561.vasp,2.7559
1562.vasp,2.8999
1563.vasp,3.1066
1564.vasp,3.4113
1565.vasp,2.5522
1566.vasp,2.8457
1567.vasp,2.9535
1568.vasp,3.0879
1569.vasp,3.4338
1570.vasp,2.5043
1571.vasp,2.7804
1572.vasp,3.1176
1573.vasp,3.1793
1574.vasp,3.3629
1575.vasp,0.5947
1576.vasp,0.7101
1577.vasp,0.8844
1578.vasp,1.0823
1579.vasp,1.2470
1580.vasp,1.2107
1581.vasp,1.1106
1582.vasp,0.9529
1583.vasp,0.7065
1584.vasp,0.5281
1585.vasp,1.3917
1586.vasp,1.1658
1587.vasp,0.9569
1588.vasp,0.6871
1589.vasp,0.5134
1590.vasp,1.7094
1591.vasp,2.0129
1592.vasp,2.1326
1593.vasp,2.2052
1594.vasp,2.2376
1595.vasp,1.6909
1596.vasp,1.9856
1597.vasp,2.1309
1598.vasp,2.1947
1599.vasp,2.2357
1600.vasp,1.5837
1601.vasp,2.0083
1602.vasp,2.1956
1603.vasp,2.1734
1604.vasp,2.1795
1605.vasp,1.6434
1606.vasp,1.9086
1607.vasp,2.0824
1608.vasp,2.1312
1609.vasp,2.1811
1610.vasp,1.4579
1611.vasp,1.7225
1612.vasp,1.8886
1613.vasp,2.0181
1614.vasp,2.1577
1615.vasp,1.9017
1616.vasp,1.9687
1617.vasp,1.9773
1618.vasp,2.0167
1619.vasp,2.1181
1620.vasp,1.0954
1621.vasp,1.5138
1622.vasp,1.6277
1623.vasp,1.6423
1624.vasp,1.6877
1625.vasp,1.3292
1626.vasp,1.4425
1627.vasp,1.5196
1628.vasp,1.6001
1629.vasp,1.6835
1630.vasp,1.0033
1631.vasp,1.2074
1632.vasp,1.3976
1633.vasp,1.5728
1634.vasp,1.6954
1635.vasp,1.3378
1636.vasp,1.3977
1637.vasp,1.4440
1638.vasp,1.5464
1639.vasp,1.6583
1640.vasp,0.4463
1641.vasp,0.5763
1642.vasp,0.7522
1643.vasp,0.8490
1644.vasp,0.9079
1645.vasp,0.5352
1646.vasp,0.6708
1647.vasp,0.7925
1648.vasp,0.8667
1649.vasp,0.9115
1650.vasp,0.4830
1651.vasp,0.6371
1652.vasp,0.7757
1653.vasp,0.8652
1654.vasp,0.9161
1655.vasp,0.3244
1656.vasp,0.5543
1657.vasp,0.7282
1658.vasp,0.8462
1659.vasp,0.9103
1660.vasp,0.9552
1661.vasp,1.0280
1662.vasp,1.0554
1663.vasp,1.1483
1664.vasp,1.2058
1665.vasp,0.6556
1666.vasp,1.0259
1667.vasp,1.1261
1668.vasp,1.1787
1669.vasp,1.2067
1670.vasp,0.5545
1671.vasp,1.0125
1672.vasp,1.1741
1673.vasp,1.1875
1674.vasp,1.1999
1675.vasp,0.7223
1676.vasp,0.9230
1677.vasp,1.1407
1678.vasp,1.1835
1679.vasp,1.2001
1680.vasp,3.0105
1681.vasp,3.3598
1682.vasp,3.7091
1683.vasp,3.9200
1684.vasp,3.9896
1685.vasp,3.2679
1686.vasp,3.6053
1687.vasp,3.8168
1688.vasp,3.9404
1689.vasp,3.9920
1690.vasp,3.0815
1691.vasp,3.4446
1692.vasp,3.7086
1693.vasp,3.8954
1694.vasp,3.9802
1695.vasp,3.4132
1696.vasp,3.6670
1697.vasp,3.8348
1698.vasp,3.9176
1699.vasp,3.9754
1700.vasp,1.3124
1701.vasp,1.4884
1702.vasp,1.5635
1703.vasp,1.5823
1704.vasp,1.5951
1705.vasp,1.2138
1706.vasp,1.4259
1707.vasp,1.5470
1708.vasp,1.5722
1709.vasp,1.5924
1710.vasp,3.2443
1711.vasp,3.5231
1712.vasp,3.6452
1713.vasp,3.7010
1714.vasp,3.7523
1715.vasp,3.1648
1716.vasp,3.3669
1717.vasp,3.5649
1718.vasp,3.6752
1719.vasp,3.7461
1720.vasp,3.2541
1721.vasp,3.4886
1722.vasp,3.6379
1723.vasp,3.6942
1724.vasp,3.7441
1725.vasp,0.2097
1726.vasp,0.2640
1727.vasp,0.3139
1728.vasp,0.3735
1729.vasp,0.4314
1730.vasp,2.6213
1731.vasp,2.7643
1732.vasp,2.8200
1733.vasp,2.8381
1734.vasp,2.8417
1735.vasp,2.5025
1736.vasp,2.6987
1737.vasp,2.7917
1738.vasp,2.8339
1739.vasp,2.8415
1740.vasp,0.9523
1741.vasp,0.9909
1742.vasp,0.8971
1743.vasp,0.7690
1744.vasp,0.7768
1745.vasp,6.6948
1746.vasp,6.7368
1747.vasp,6.7589
1748.vasp,6.7739
1749.vasp,6.8550
1750.vasp,6.4767
1751.vasp,6.6665
1752.vasp,6.7636
1753.vasp,6.7894
1754.vasp,6.8338
1755.vasp,6.5668
1756.vasp,6.6922
1757.vasp,6.7802
1758.vasp,6.8324
1759.vasp,6.9221
1760.vasp,6.6940
1761.vasp,6.7507
1762.vasp,6.7806
1763.vasp,6.8033
1764.vasp,6.9171
1765.vasp,4.5440
1766.vasp,4.7289
1767.vasp,4.8952
1768.vasp,4.9865
1769.vasp,4.8975
1770.vasp,4.7435
1771.vasp,4.7940
1772.vasp,4.8899
1773.vasp,4.9703
1774.vasp,4.8697
1775.vasp,4.6143
1776.vasp,4.8086
1777.vasp,4.9514
1778.vasp,5.0140
1779.vasp,4.8088
1780.vasp,5.4647
1781.vasp,5.6872
1782.vasp,5.8845
1783.vasp,5.9304
1784.vasp,5.9121
1785.vasp,1.3264
1786.vasp,1.6901
1787.vasp,1.9509
1788.vasp,2.1096
1789.vasp,2.1999
1790.vasp,1.4112
1791.vasp,1.7323
1792.vasp,1.9645
1793.vasp,2.1471
1794.vasp,2.2211
1795.vasp,1.8637
1796.vasp,2.0793
1797.vasp,2.1186
1798.vasp,2.1466
1799.vasp,2.2068
1800.vasp,1.4112
1801.vasp,1.7323
1802.vasp,1.9825
1803.vasp,2.1471
1804.vasp,2.2162
1805.vasp,3.6472
1806.vasp,3.8846
1807.vasp,4.0944
1808.vasp,4.2132
1809.vasp,4.2727
1810.vasp,3.5316
1811.vasp,3.7790
1812.vasp,4.0193
1813.vasp,4.1859
1814.vasp,4.2729
1815.vasp,3.6193
1816.vasp,3.8984
1817.vasp,4.1220
1818.vasp,4.2150
1819.vasp,4.2652
1820.vasp,3.6328
1821.vasp,3.8771
1822.vasp,4.0965
1823.vasp,4.1864
1824.vasp,4.2562
1825.vasp,1.7712
1826.vasp,1.8484
1827.vasp,1.9411
1828.vasp,2.0381
1829.vasp,2.2022
1830.vasp,2.0637
1831.vasp,2.0435
1832.vasp,2.0553
1833.vasp,2.1208
1834.vasp,2.2800
1835.vasp,1.2130
1836.vasp,1.5953
1837.vasp,1.8582
1838.vasp,1.9841
1839.vasp,1.9877
1840.vasp,1.0315
1841.vasp,1.2275
1842.vasp,1.3410
1843.vasp,1.3689
1844.vasp,1.3866
1845.vasp,1.0182
1846.vasp,1.2039
1847.vasp,1.2623
1848.vasp,1.3470
1849.vasp,1.3876
1850.vasp,0.4046
1851.vasp,0.9296
1852.vasp,1.3683
1853.vasp,1.3900
1854.vasp,1.3932
1855.vasp,0.6825
1856.vasp,1.0824
1857.vasp,1.2846
1858.vasp,1.3780
1859.vasp,1.3930
1860.vasp,2.9536
1861.vasp,2.9678
1862.vasp,2.9931
1863.vasp,3.0239
1864.vasp,3.0741
1865.vasp,1.8053
1866.vasp,1.9732
1867.vasp,2.0445
1868.vasp,2.0956
1869.vasp,2.1172
1870.vasp,1.8998
1871.vasp,1.9939
1872.vasp,2.0510
1873.vasp,2.0890
1874.vasp,2.1167
1875.vasp,2.0147
1876.vasp,2.0471
1877.vasp,2.0755
1878.vasp,2.1022
1879.vasp,2.1163
1880.vasp,1.8652
1881.vasp,1.9925
1882.vasp,2.0580
1883.vasp,2.0943
1884.vasp,2.1132
1885.vasp,-0.1173
1886.vasp,0.0680
1887.vasp,0.2573
1888.vasp,0.3584
1889.vasp,0.5878
1890.vasp,0.2071
1891.vasp,0.2830
1892.vasp,0.3723
1893.vasp,0.4565
1894.vasp,0.4999
1895.vasp,0.0768
1896.vasp,0.0411
1897.vasp,0.1928
1898.vasp,0.3963
1899.vasp,0.5019
1900.vasp,0.0346
1901.vasp,0.1132
1902.vasp,0.2791
1903.vasp,0.4300
1904.vasp,0.4926
1905.vasp,0.1378
1906.vasp,0.1850
1907.vasp,0.2374
1908.vasp,0.3448
1909.vasp,0.4723
1910.vasp,0.0293
1911.vasp,0.0273
1912.vasp,0.0240
1913.vasp,0.0180
1914.vasp,-0.0165
1915.vasp,0.0332
1916.vasp,0.0524
1917.vasp,0.0574
1918.vasp,0.0322
1919.vasp,-0.0134
1920.vasp,2.5448
1921.vasp,3.1031
1922.vasp,3.4447
1923.vasp,3.5649
1924.vasp,3.5949
1925.vasp,2.7040
1926.vasp,2.9793
1927.vasp,3.3209
1928.vasp,3.5564
1929.vasp,3.5957
1930.vasp,2.1753
1931.vasp,2.9293
1932.vasp,3.3945
1933.vasp,3.5577
1934.vasp,3.5934
1935.vasp,2.7070
1936.vasp,2.9809
1937.vasp,3.3207
1938.vasp,3.5546
1939.vasp,3.5943
1940.vasp,2.4342
1941.vasp,2.9717
1942.vasp,3.4430
1943.vasp,3.6748
1944.vasp,3.7662
1945.vasp,3.0055
1946.vasp,3.2962
1947.vasp,3.5239
1948.vasp,3.6675
1949.vasp,3.7675
1950.vasp,3.2435
1951.vasp,4.0124
1952.vasp,4.6173
1953.vasp,4.9921
1954.vasp,5.0904
1955.vasp,1.7789
1956.vasp,1.7058
1957.vasp,1.6598
1958.vasp,1.7385
1959.vasp,1.9073
1960.vasp,1.4071
1961.vasp,1.4542
1962.vasp,1.5794
1963.vasp,1.7816
1964.vasp,1.9501
1965.vasp,1.5986
1966.vasp,1.6594
1967.vasp,1.7449
1968.vasp,1.8670
1969.vasp,1.9747
1970.vasp,1.4319
1971.vasp,1.6548
1972.vasp,1.7677
1973.vasp,1.8721
1974.vasp,1.9633
1975.vasp,0.3387
1976.vasp,0.3986
1977.vasp,0.4172
1978.vasp,0.4429
1979.vasp,0.4665
1980.vasp,2.0909
1981.vasp,2.5113
1982.vasp,2.7787
1983.vasp,2.8391
1984.vasp,2.8648
1985.vasp,2.3851
1986.vasp,2.6169
1987.vasp,2.7569
1988.vasp,2.8229
1989.vasp,2.8612
1990.vasp,2.3866
1991.vasp,2.6212
1992.vasp,2.7640
1993.vasp,2.8343
1994.vasp,2.8639
1995.vasp,2.4322
1996.vasp,2.7078
1997.vasp,2.7991
1998.vasp,2.8443
1999.vasp,2.8665
2000.vasp,-2.9884
2001.vasp,-2.9215
2002.vasp,-3.1611
2003.vasp,-3.1892
2004.vasp,-3.2442
2005.vasp,2.4268
2006.vasp,2.7208
2007.vasp,2.9116
2008.vasp,2.9931
2009.vasp,3.0230
2010.vasp,2.3837
2011.vasp,2.7339
2012.vasp,2.9115
2013.vasp,2.9870
2014.vasp,3.0226
2015.vasp,2.5768
2016.vasp,2.6448
2017.vasp,2.5561
2018.vasp,2.3378
2019.vasp,2.2312
2020.vasp,0.5765
2021.vasp,0.5082
2022.vasp,0.7327
2023.vasp,0.9439
2024.vasp,0.9703
2025.vasp,1.4767
2026.vasp,1.7190
2027.vasp,1.8004
2028.vasp,1.8491
2029.vasp,1.8952
2030.vasp,1.1938
2031.vasp,1.5134
2032.vasp,1.7749
2033.vasp,1.8259
2034.vasp,1.8802
2035.vasp,1.1275
2036.vasp,1.5695
2037.vasp,1.8239
2038.vasp,1.8664
2039.vasp,1.8985
2040.vasp,1.2181
2041.vasp,1.4679
2042.vasp,1.7103
2043.vasp,1.8432
2044.vasp,1.8945
2045.vasp,0.3385
2046.vasp,0.5215
2047.vasp,0.6644
2048.vasp,0.7678
2049.vasp,0.8248
2050.vasp,0.3806
2051.vasp,0.6400
2052.vasp,0.7336
2053.vasp,0.8088
2054.vasp,0.8321
2055.vasp,0.3657
2056.vasp,0.3662
2057.vasp,0.5839
2058.vasp,0.6508
2059.vasp,0.6600
2060.vasp,0.3158
2061.vasp,0.2594
2062.vasp,0.4064
2063.vasp,0.5973
2064.vasp,0.6243
