0.vasp,-1.7512
1.vasp,-1.7902
2.vasp,-1.7584
3.vasp,-1.8504
4.vasp,-1.8666
5.vasp,-2.2075
6.vasp,-2.1996
7.vasp,-2.2041
8.vasp,-2.3294
9.vasp,-2.5342
11.vasp,-1.9758
10.vasp,-2.1771
12.vasp,-2.3904
13.vasp,-2.4991
14.vasp,-2.6433
15.vasp,-1.8802
16.vasp,-1.9685
17.vasp,-2.0050
18.vasp,-2.1402
19.vasp,-2.4311
20.vasp,-1.9443
21.vasp,-2.1241
22.vasp,-2.2421
23.vasp,-2.3370
24.vasp,-2.5002
25.vasp,-0.2226
26.vasp,-0.3841
27.vasp,-0.4725
28.vasp,-0.5749
29.vasp,-0.7849
30.vasp,-0.3119
31.vasp,-0.5227
32.vasp,-0.6158
33.vasp,-0.6873
34.vasp,-0.8119
35.vasp,-2.9329
36.vasp,-3.0751
37.vasp,-3.1648
38.vasp,-3.2366
39.vasp,-3.3590
40.vasp,-3.0611
41.vasp,-3.2250
42.vasp,-3.2718
43.vasp,-3.3258
44.vasp,-3.4357
45.vasp,-1.6896
46.vasp,-1.8663
47.vasp,-2.0217
48.vasp,-2.1015
49.vasp,-2.2318
51.vasp,-1.8608
50.vasp,-2.0199
52.vasp,-2.1301
53.vasp,-2.1771
54.vasp,-2.2637
55.vasp,-4.9407
56.vasp,-5.1119
57.vasp,-5.3827
58.vasp,-5.5328
59.vasp,-5.6600
60.vasp,-5.1309
61.vasp,-5.3320
62.vasp,-5.4718
63.vasp,-5.5503
64.vasp,-5.6578
65.vasp,-3.6437
66.vasp,-3.7440
67.vasp,-3.8445
68.vasp,-3.9571
69.vasp,-4.0636
70.vasp,-3.9827
71.vasp,-4.0064
72.vasp,-4.0283
73.vasp,-4.0520
74.vasp,-4.1042
75.vasp,-2.4217
76.vasp,-2.3181
77.vasp,-2.4075
78.vasp,-2.6540
79.vasp,-2.8564
80.vasp,-2.1394
81.vasp,-2.3837
82.vasp,-2.6352
83.vasp,-2.7849
84.vasp,-2.9508
85.vasp,-2.5700
86.vasp,-2.6363
87.vasp,-2.6749
88.vasp,-2.7458
89.vasp,-2.9391
91.vasp,-2.2725
90.vasp,-2.5309
92.vasp,-2.8527
93.vasp,-2.9439
94.vasp,-3.0781
95.vasp,-0.9559
96.vasp,-1.1233
97.vasp,-1.3287
98.vasp,-1.5200
99.vasp,-1.7036
101.vasp,-0.9461
100.vasp,-1.1623
102.vasp,-1.5399
103.vasp,-1.6537
104.vasp,-1.7653
106.vasp,-4.2963
105.vasp,-4.5425
107.vasp,-4.7239
108.vasp,-4.7871
109.vasp,-4.8356
110.vasp,-4.1907
111.vasp,-4.5022
112.vasp,-4.6936
113.vasp,-4.7798
114.vasp,-4.8354
115.vasp,-7.8895
116.vasp,-7.9273
117.vasp,-7.9734
118.vasp,-8.0318
119.vasp,-8.1674
120.vasp,-7.8567
121.vasp,-7.8169
122.vasp,-7.7551
123.vasp,-7.7343
124.vasp,-7.9243
125.vasp,-3.0116
126.vasp,-3.1723
127.vasp,-3.5579
128.vasp,-3.8592
129.vasp,-4.0751
130.vasp,-3.1774
131.vasp,-3.4604
132.vasp,-3.7956
133.vasp,-4.0303
134.vasp,-4.1236
135.vasp,-3.1204
136.vasp,-3.2139
137.vasp,-3.3027
138.vasp,-3.3874
139.vasp,-3.5016
141.vasp,-3.0271
140.vasp,-3.1987
142.vasp,-3.4481
143.vasp,-3.4972
144.vasp,-3.6038
145.vasp,-2.2969
146.vasp,-2.5670
147.vasp,-2.7262
148.vasp,-2.8254
149.vasp,-2.9344
150.vasp,-2.1490
151.vasp,-2.3206
152.vasp,-2.5522
153.vasp,-2.7546
154.vasp,-2.9901
155.vasp,-3.8520
156.vasp,-3.9446
157.vasp,-4.2390
158.vasp,-4.4995
159.vasp,-4.6574
160.vasp,-3.8486
161.vasp,-4.0789
162.vasp,-4.3904
163.vasp,-4.5640
164.vasp,-4.7414
165.vasp,-0.5144
166.vasp,-0.5145
167.vasp,-0.5518
168.vasp,-0.6138
169.vasp,-0.7237
170.vasp,-0.5897
171.vasp,-0.6283
172.vasp,-0.6758
173.vasp,-0.7204
174.vasp,-0.8012
175.vasp,-0.3909
176.vasp,-0.4847
177.vasp,-0.5405
178.vasp,-0.6046
179.vasp,-0.7280
180.vasp,-0.3376
181.vasp,-0.5307
182.vasp,-0.6473
183.vasp,-0.7370
184.vasp,-0.8770
185.vasp,-1.4971
186.vasp,-1.5077
187.vasp,-1.5228
188.vasp,-1.5410
189.vasp,-1.6253
190.vasp,-1.5088
191.vasp,-1.5489
192.vasp,-1.5957
193.vasp,-1.6390
194.vasp,-1.7033
195.vasp,-0.4080
196.vasp,-0.4397
197.vasp,-0.5445
198.vasp,-0.6719
199.vasp,-0.8645
200.vasp,-0.3153
201.vasp,-0.2335
202.vasp,-0.2707
203.vasp,-0.6204
204.vasp,-0.8428
205.vasp,0.6441
206.vasp,0.6352
207.vasp,0.3925
208.vasp,0.1502
209.vasp,-0.0687
210.vasp,0.9774
211.vasp,0.6629
212.vasp,0.2493
213.vasp,0.0498
214.vasp,-0.1154
215.vasp,0.5908
216.vasp,0.6806
217.vasp,0.4809
218.vasp,0.1993
219.vasp,-0.0388
220.vasp,-3.0598
221.vasp,-3.2319
222.vasp,-3.4275
223.vasp,-3.5656
224.vasp,-3.6877
225.vasp,-3.3968
226.vasp,-3.4355
227.vasp,-3.5159
228.vasp,-3.5744
229.vasp,-3.6762
230.vasp,-1.7602
231.vasp,-1.7260
232.vasp,-1.7167
233.vasp,-1.7630
234.vasp,-1.8685
235.vasp,0.6495
236.vasp,0.5330
237.vasp,0.2790
238.vasp,0.1183
239.vasp,-0.0642
240.vasp,0.9119
241.vasp,0.7549
242.vasp,0.4667
243.vasp,0.2453
244.vasp,-0.0665
245.vasp,0.7636
246.vasp,0.7133
247.vasp,0.4635
248.vasp,0.2712
249.vasp,-0.0527
250.vasp,-1.0774
251.vasp,-1.3266
252.vasp,-1.6261
253.vasp,-1.8335
254.vasp,-2.0635
255.vasp,-1.0761
256.vasp,-1.2165
257.vasp,-1.4865
258.vasp,-1.7016
259.vasp,-1.9465
260.vasp,-1.4635
261.vasp,-1.6545
262.vasp,-1.8758
263.vasp,-1.9834
264.vasp,-2.1739
265.vasp,-1.4908
266.vasp,-1.6483
267.vasp,-1.8118
268.vasp,-1.9470
269.vasp,-2.1275
270.vasp,-0.9756
271.vasp,-0.9765
272.vasp,-0.8419
273.vasp,-0.8295
274.vasp,-0.9610
275.vasp,-0.9797
276.vasp,-0.8772
277.vasp,-0.8238
278.vasp,-0.8712
279.vasp,-1.0367
280.vasp,-0.9030
281.vasp,-0.7889
282.vasp,-0.6920
283.vasp,-0.7194
284.vasp,-0.9463
285.vasp,-3.9103
286.vasp,-4.0442
287.vasp,-4.2643
288.vasp,-4.3526
289.vasp,-4.4909
290.vasp,-3.8581
291.vasp,-4.0499
292.vasp,-4.2608
293.vasp,-4.3631
294.vasp,-4.5363
295.vasp,-3.9205
296.vasp,-4.1562
297.vasp,-4.3242
298.vasp,-4.4025
299.vasp,-4.5363
300.vasp,-4.4292
301.vasp,-4.6262
302.vasp,-4.8833
303.vasp,-5.0167
304.vasp,-5.1860
305.vasp,-4.4435
306.vasp,-4.6614
307.vasp,-4.9064
308.vasp,-5.0163
309.vasp,-5.1756
310.vasp,-4.5393
311.vasp,-4.7477
312.vasp,-4.9634
313.vasp,-5.0708
314.vasp,-5.2148
315.vasp,-2.1546
316.vasp,-2.3693
317.vasp,-2.4661
318.vasp,-2.5819
319.vasp,-2.7595
320.vasp,-2.4348
321.vasp,-2.4866
322.vasp,-2.5552
323.vasp,-2.6168
324.vasp,-2.7700
325.vasp,-2.2406
326.vasp,-2.3678
327.vasp,-2.4666
328.vasp,-2.5813
329.vasp,-2.7595
330.vasp,-2.8563
331.vasp,-2.9063
332.vasp,-2.9801
333.vasp,-3.0425
334.vasp,-3.1426
335.vasp,-3.0440
336.vasp,-3.0653
337.vasp,-3.0944
338.vasp,-3.1291
339.vasp,-3.2011
340.vasp,-2.8921
341.vasp,-2.9479
342.vasp,-3.0154
343.vasp,-3.0708
344.vasp,-3.1718
345.vasp,-0.8139
346.vasp,-0.8156
347.vasp,-0.9995
348.vasp,-1.0889
349.vasp,-1.2350
350.vasp,-0.6886
351.vasp,-0.9004
352.vasp,-1.0874
353.vasp,-1.1676
354.vasp,-1.3553
355.vasp,-0.6430
356.vasp,-0.6782
357.vasp,-0.9304
358.vasp,-1.0632
359.vasp,-1.2194
360.vasp,-0.4761
361.vasp,-0.4934
362.vasp,-0.9137
363.vasp,-1.3565
364.vasp,-1.5079
365.vasp,-0.6863
366.vasp,-1.0124
367.vasp,-1.3450
368.vasp,-1.4340
369.vasp,-1.5861
370.vasp,-0.1660
371.vasp,-0.1043
372.vasp,-0.2803
373.vasp,-1.1156
374.vasp,-1.4853
375.vasp,0.5641
376.vasp,0.5115
377.vasp,0.3398
378.vasp,0.2199
379.vasp,-0.0543
380.vasp,0.7585
381.vasp,0.4615
382.vasp,0.2950
383.vasp,0.1798
384.vasp,-0.0107
385.vasp,0.6922
386.vasp,0.5615
387.vasp,0.3761
388.vasp,0.2592
389.vasp,-0.0115
390.vasp,-2.6835
391.vasp,-2.7299
392.vasp,-2.7958
393.vasp,-2.8761
394.vasp,-3.0098
395.vasp,-2.6980
396.vasp,-2.7390
397.vasp,-2.8096
398.vasp,-2.8851
399.vasp,-3.0699
400.vasp,-2.8031
401.vasp,-2.8305
402.vasp,-2.8749
403.vasp,-2.9304
404.vasp,-3.0634
405.vasp,-1.5571
406.vasp,-1.9472
407.vasp,-2.1850
408.vasp,-2.3046
409.vasp,-2.5058
410.vasp,-2.0175
411.vasp,-2.2008
412.vasp,-2.3070
413.vasp,-2.3891
414.vasp,-2.5597
415.vasp,-1.6669
416.vasp,-1.9727
417.vasp,-2.2031
418.vasp,-2.3444
419.vasp,-2.5734
420.vasp,-0.1455
421.vasp,-0.2614
422.vasp,-0.5304
423.vasp,-0.8891
424.vasp,-1.2642
425.vasp,-1.4791
426.vasp,-1.5581
427.vasp,-1.8180
428.vasp,-2.0830
429.vasp,-2.4057
430.vasp,-1.6491
431.vasp,-1.8429
432.vasp,-2.0914
433.vasp,-2.2340
434.vasp,-2.4187
435.vasp,-0.2720
436.vasp,-0.2232
437.vasp,-0.4744
438.vasp,-0.7689
439.vasp,-1.0304
440.vasp,0.2718
441.vasp,-0.1452
442.vasp,-0.5951
443.vasp,-0.8368
444.vasp,-1.0677
445.vasp,-0.1992
446.vasp,-0.2780
447.vasp,-0.3421
448.vasp,-0.7156
449.vasp,-1.0031
450.vasp,0.8559
451.vasp,0.8854
452.vasp,0.6705
453.vasp,0.3487
454.vasp,0.0356
455.vasp,1.3208
456.vasp,0.9426
457.vasp,0.4704
458.vasp,0.2405
459.vasp,-0.0042
460.vasp,0.8361
461.vasp,0.8438
462.vasp,0.8186
463.vasp,0.3446
464.vasp,0.0507
465.vasp,-3.2115
466.vasp,-3.2711
467.vasp,-3.3711
468.vasp,-3.4488
469.vasp,-3.5478
470.vasp,-3.2711
471.vasp,-3.3613
472.vasp,-3.4277
473.vasp,-3.4870
474.vasp,-3.5645
475.vasp,-3.4544
476.vasp,-3.4730
477.vasp,-3.5057
478.vasp,-3.5400
479.vasp,-3.6209
480.vasp,-1.1989
481.vasp,-1.3625
482.vasp,-1.6813
483.vasp,-1.9071
484.vasp,-2.1461
485.vasp,-1.0798
486.vasp,-1.2166
487.vasp,-1.5137
488.vasp,-1.7836
489.vasp,-2.0935
490.vasp,0.5747
491.vasp,0.4275
492.vasp,0.2881
493.vasp,0.1648
494.vasp,-0.0436
495.vasp,0.4131
496.vasp,0.3042
497.vasp,0.2071
498.vasp,0.1217
499.vasp,-0.1130
500.vasp,0.5741
501.vasp,0.4235
502.vasp,0.2947
503.vasp,0.1631
504.vasp,-0.0712
505.vasp,-1.1379
506.vasp,-1.4653
507.vasp,-1.8550
508.vasp,-1.9798
509.vasp,-2.1815
510.vasp,-1.4730
511.vasp,-1.7089
512.vasp,-1.8913
513.vasp,-2.0085
514.vasp,-2.1930
515.vasp,-1.7251
516.vasp,-1.8751
517.vasp,-1.9866
518.vasp,-2.0912
519.vasp,-2.2986
520.vasp,-0.5951
521.vasp,-0.6971
522.vasp,-0.8715
523.vasp,-1.0552
524.vasp,-1.2634
525.vasp,-0.4964
526.vasp,-0.5085
527.vasp,-0.6274
528.vasp,-0.8980
529.vasp,-1.1503
530.vasp,-1.2485
531.vasp,-1.2475
532.vasp,-1.2647
533.vasp,-1.2969
534.vasp,-1.3429
535.vasp,-1.2956
536.vasp,-1.2520
537.vasp,-1.2170
538.vasp,-1.2391
539.vasp,-1.3095
540.vasp,-2.0663
541.vasp,-2.2706
542.vasp,-2.4736
543.vasp,-2.5810
544.vasp,-2.7466
545.vasp,-1.9674
546.vasp,-2.1600
547.vasp,-2.4497
548.vasp,-2.5741
549.vasp,-2.7587
550.vasp,-1.3782
551.vasp,-1.4635
552.vasp,-1.6137
553.vasp,-1.7435
554.vasp,-1.8864
555.vasp,-1.3732
556.vasp,-1.5002
557.vasp,-1.5970
558.vasp,-1.7313
559.vasp,-1.8923
560.vasp,-4.3505
561.vasp,-4.5413
562.vasp,-4.7451
563.vasp,-4.8904
564.vasp,-5.0799
565.vasp,-0.3536
566.vasp,-0.3900
567.vasp,-0.4572
568.vasp,-0.5400
569.vasp,-0.7385
570.vasp,-0.2463
571.vasp,-0.2930
572.vasp,-0.3768
573.vasp,-0.4771
574.vasp,-0.6383
575.vasp,-0.2898
576.vasp,-0.3183
577.vasp,-0.3883
578.vasp,-0.4853
579.vasp,-0.6438
580.vasp,-2.1186
581.vasp,-2.2347
582.vasp,-2.3757
583.vasp,-2.5168
584.vasp,-2.7322
585.vasp,-2.2796
586.vasp,-2.3417
587.vasp,-2.4080
588.vasp,-2.5235
589.vasp,-2.7089
590.vasp,-5.7731
591.vasp,-5.8254
592.vasp,-5.9330
593.vasp,-6.0309
594.vasp,-6.1209
595.vasp,-6.0783
596.vasp,-6.0820
597.vasp,-6.0451
598.vasp,-6.0097
599.vasp,-6.0591
600.vasp,-5.6091
601.vasp,-5.8250
602.vasp,-5.9989
603.vasp,-6.0811
604.vasp,-6.1767
605.vasp,-3.8513
606.vasp,-3.8866
607.vasp,-3.9485
608.vasp,-4.0438
609.vasp,-4.2365
610.vasp,-3.8746
611.vasp,-3.9126
612.vasp,-3.9673
613.vasp,-4.0570
614.vasp,-4.2369
615.vasp,-3.8495
616.vasp,-3.8856
617.vasp,-3.9484
618.vasp,-4.0296
619.vasp,-4.2156
620.vasp,-1.1698
621.vasp,-1.0331
622.vasp,-1.3109
623.vasp,-1.7099
624.vasp,-2.1873
625.vasp,-1.5202
626.vasp,-1.7655
627.vasp,-2.0437
628.vasp,-2.2485
629.vasp,-2.3620
630.vasp,-1.5938
631.vasp,-1.6936
632.vasp,-1.8182
633.vasp,-2.0615
634.vasp,-2.2970
635.vasp,-3.9254
636.vasp,-4.2407
637.vasp,-4.4998
638.vasp,-4.7223
639.vasp,-4.8474
640.vasp,-4.0145
641.vasp,-4.2416
642.vasp,-4.5094
643.vasp,-4.7048
644.vasp,-4.8367
645.vasp,-4.4056
646.vasp,-4.4497
647.vasp,-4.5213
648.vasp,-4.5891
649.vasp,-4.7138
650.vasp,-3.6841
651.vasp,-4.0133
652.vasp,-4.2551
653.vasp,-4.3769
654.vasp,-4.5617
655.vasp,-3.6904
656.vasp,-3.7504
657.vasp,-3.8394
658.vasp,-3.9346
659.vasp,-4.1098
660.vasp,-3.5992
661.vasp,-3.6591
662.vasp,-3.7761
663.vasp,-3.9048
664.vasp,-4.0950
665.vasp,-3.5495
666.vasp,-3.7564
667.vasp,-3.9177
668.vasp,-4.0293
669.vasp,-4.1624
670.vasp,2.8355
671.vasp,2.8401
672.vasp,2.8675
673.vasp,2.6396
674.vasp,2.3183
675.vasp,2.6282
676.vasp,2.7116
677.vasp,2.6379
678.vasp,2.4368
679.vasp,2.2564
680.vasp,2.8202
681.vasp,2.8238
682.vasp,2.7489
683.vasp,2.5714
684.vasp,2.3085
685.vasp,-3.7556
686.vasp,-3.9159
687.vasp,-4.1442
688.vasp,-4.2797
689.vasp,-4.4439
690.vasp,-3.6022
691.vasp,-3.8657
692.vasp,-4.1040
693.vasp,-4.2574
694.vasp,-4.4523
695.vasp,2.1484
696.vasp,1.6806
697.vasp,1.3202
698.vasp,1.1622
699.vasp,0.9490
700.vasp,1.7025
701.vasp,1.8196
702.vasp,1.7120
703.vasp,1.2717
704.vasp,1.0723
705.vasp,1.8311
706.vasp,1.8173
707.vasp,1.4819
708.vasp,1.2247
709.vasp,0.9936
710.vasp,0.0104
711.vasp,-0.2438
712.vasp,-0.4530
713.vasp,-0.6524
714.vasp,-0.8725
715.vasp,-0.0245
716.vasp,-0.3591
717.vasp,-0.5570
718.vasp,-0.6728
719.vasp,-0.8992
720.vasp,1.0710
721.vasp,0.6740
722.vasp,0.3666
723.vasp,0.1751
724.vasp,-0.0384
725.vasp,0.7340
726.vasp,0.7041
727.vasp,0.4287
728.vasp,0.2641
729.vasp,0.0580
730.vasp,0.8050
731.vasp,0.7027
732.vasp,0.5673
733.vasp,0.2781
734.vasp,0.0695
735.vasp,2.2380
736.vasp,1.8415
737.vasp,1.6199
738.vasp,1.4259
739.vasp,1.1905
740.vasp,2.0557
741.vasp,2.0325
742.vasp,1.7543
743.vasp,1.5281
744.vasp,1.2575
745.vasp,2.0869
746.vasp,2.0001
747.vasp,1.9479
748.vasp,1.5522
749.vasp,1.2838
750.vasp,-2.8087
751.vasp,-2.8942
752.vasp,-3.0002
753.vasp,-3.1197
754.vasp,-3.3415
755.vasp,-2.7003
756.vasp,-2.8554
757.vasp,-3.0143
758.vasp,-3.1475
759.vasp,-3.3541
760.vasp,-2.9461
761.vasp,-2.9969
762.vasp,-3.0691
763.vasp,-3.1677
764.vasp,-3.3668
765.vasp,-2.9439
766.vasp,-2.9950
767.vasp,-3.0805
768.vasp,-3.1931
769.vasp,-3.3918
770.vasp,-1.9781
771.vasp,-2.0781
772.vasp,-2.2825
773.vasp,-2.4649
774.vasp,-2.6583
775.vasp,-1.5439
776.vasp,-1.7490
777.vasp,-2.0111
778.vasp,-2.1721
779.vasp,-2.3789
780.vasp,-1.8642
781.vasp,-2.0076
782.vasp,-2.1557
783.vasp,-2.2925
784.vasp,-2.5007
785.vasp,-0.1559
786.vasp,-0.2917
787.vasp,-0.4955
788.vasp,-0.6680
789.vasp,-0.9120
790.vasp,-1.8939
791.vasp,-1.8975
792.vasp,-1.7999
793.vasp,-1.7958
794.vasp,-1.8983
795.vasp,-2.9587
796.vasp,-3.1260
797.vasp,-3.2274
798.vasp,-3.3017
799.vasp,-3.4579
800.vasp,-1.8070
801.vasp,-1.9246
802.vasp,-2.0441
803.vasp,-2.1451
804.vasp,-2.2858
805.vasp,-2.0767
806.vasp,-2.3724
807.vasp,-2.5801
808.vasp,-2.7353
809.vasp,-2.9382
810.vasp,-2.2773
811.vasp,-2.4216
812.vasp,-2.6057
813.vasp,-2.7859
814.vasp,-2.9504
815.vasp,-2.4244
816.vasp,-2.5031
817.vasp,-2.6456
818.vasp,-2.7948
819.vasp,-3.0156
820.vasp,-2.6011
821.vasp,-2.6426
822.vasp,-2.7206
823.vasp,-2.8211
824.vasp,-2.9610
825.vasp,-5.1767
826.vasp,-5.3651
827.vasp,-5.5017
828.vasp,-5.6146
829.vasp,-5.7149
830.vasp,-3.6575
831.vasp,-3.7706
832.vasp,-3.9167
833.vasp,-4.0014
834.vasp,-4.0865
835.vasp,-2.6901
836.vasp,-2.7579
837.vasp,-2.8285
838.vasp,-2.8897
839.vasp,-2.9479
840.vasp,-2.4719
841.vasp,-2.6068
842.vasp,-2.7722
843.vasp,-2.8683
844.vasp,-2.9352
845.vasp,-2.8066
846.vasp,-2.8337
847.vasp,-2.8690
848.vasp,-2.9114
849.vasp,-2.9624
850.vasp,-1.9938
851.vasp,-2.2029
852.vasp,-2.5098
853.vasp,-2.7657
854.vasp,-2.9220
855.vasp,-2.2580
856.vasp,-2.5096
857.vasp,-2.7546
858.vasp,-2.9089
859.vasp,-3.1156
860.vasp,-0.8973
861.vasp,-1.1328
862.vasp,-1.4558
863.vasp,-1.6028
864.vasp,-1.7916
865.vasp,-4.9182
866.vasp,-4.8498
867.vasp,-4.7622
868.vasp,-4.7554
869.vasp,-4.7947
870.vasp,-7.3212
871.vasp,-7.6451
872.vasp,-7.8895
873.vasp,-7.9948
874.vasp,-8.1284
875.vasp,-3.1731
876.vasp,-3.3301
877.vasp,-3.6586
878.vasp,-3.9708
879.vasp,-4.1131
880.vasp,-3.0792
881.vasp,-3.2023
882.vasp,-3.3827
883.vasp,-3.4801
884.vasp,-3.6041
885.vasp,-2.8794
886.vasp,-2.9415
887.vasp,-3.0170
888.vasp,-3.1116
889.vasp,-3.2053
890.vasp,-2.7895
891.vasp,-2.9980
892.vasp,-3.1051
893.vasp,-3.1933
894.vasp,-3.3249
895.vasp,-2.7967
896.vasp,-2.8846
897.vasp,-3.0021
898.vasp,-3.1068
899.vasp,-3.2330
900.vasp,-1.5302
901.vasp,-1.8299
902.vasp,-2.2875
903.vasp,-2.7658
904.vasp,-3.0098
905.vasp,-3.7356
906.vasp,-4.1049
907.vasp,-4.4233
908.vasp,-4.5943
909.vasp,-4.7280
910.vasp,-0.5310
911.vasp,-0.5713
912.vasp,-0.6589
913.vasp,-0.7447
914.vasp,-0.8521
915.vasp,-0.6187
916.vasp,-0.7039
917.vasp,-0.7961
918.vasp,-0.8551
919.vasp,-0.9288
920.vasp,-0.6744
921.vasp,-0.7109
922.vasp,-0.7533
923.vasp,-0.8004
924.vasp,-0.8655
925.vasp,-0.6373
926.vasp,-0.6980
927.vasp,-0.7547
928.vasp,-0.7988
929.vasp,-0.8675
930.vasp,0.0514
931.vasp,-0.0095
932.vasp,-0.1035
933.vasp,-0.1979
934.vasp,-0.2984
935.vasp,-0.1156
936.vasp,-0.1960
937.vasp,-0.2557
938.vasp,-0.3267
939.vasp,-0.4335
940.vasp,-0.0646
941.vasp,-0.1314
942.vasp,-0.1888
943.vasp,-0.2445
944.vasp,-0.3174
945.vasp,-0.1503
946.vasp,-0.1714
947.vasp,-0.2054
948.vasp,-0.2684
949.vasp,-0.3641
950.vasp,-2.2078
951.vasp,-2.2077
952.vasp,-2.2722
953.vasp,-2.3873
954.vasp,-2.5025
955.vasp,-1.9421
956.vasp,-2.1231
957.vasp,-2.2807
958.vasp,-2.4135
959.vasp,-2.5227
960.vasp,-2.1703
961.vasp,-2.2604
962.vasp,-2.3591
963.vasp,-2.4372
964.vasp,-2.5224
965.vasp,-2.1332
966.vasp,-2.2197
967.vasp,-2.3055
968.vasp,-2.4010
969.vasp,-2.4929
970.vasp,-6.0057
971.vasp,-6.0186
972.vasp,-5.9021
973.vasp,-5.6134
974.vasp,-5.3590
975.vasp,-6.5512
976.vasp,-6.5541
977.vasp,-6.4762
978.vasp,-6.1923
979.vasp,-5.4786
980.vasp,-0.2504
981.vasp,-0.3964
982.vasp,-0.5107
983.vasp,-0.6291
984.vasp,-0.7734
985.vasp,-3.2449
986.vasp,-3.3123
987.vasp,-3.4001
988.vasp,-3.5075
989.vasp,-3.7056
990.vasp,-3.1020
991.vasp,-3.1372
992.vasp,-3.2494
993.vasp,-3.4170
994.vasp,-3.6010
995.vasp,-0.1286
996.vasp,-0.2794
997.vasp,-0.4357
998.vasp,-0.5795
999.vasp,-0.7392
1000.vasp,-0.5655
1001.vasp,-0.5983
1002.vasp,-0.6433
1003.vasp,-0.6973
1004.vasp,-0.7625
1005.vasp,-0.6853
1006.vasp,-0.7128
1007.vasp,-0.7453
1008.vasp,-0.7779
1009.vasp,-0.8326
1010.vasp,-0.6693
1011.vasp,-0.6532
1012.vasp,-0.6603
1013.vasp,-0.6994
1014.vasp,-0.7705
1015.vasp,-0.6701
1016.vasp,-0.6614
1017.vasp,-0.6705
1018.vasp,-0.6991
1019.vasp,-0.7636
1020.vasp,-2.3879
1021.vasp,-2.4148
1022.vasp,-2.4572
1023.vasp,-2.5095
1024.vasp,-2.5980
1025.vasp,-2.3773
1026.vasp,-2.3953
1027.vasp,-2.4251
1028.vasp,-2.4772
1029.vasp,-2.5558
1030.vasp,-1.9895
1031.vasp,-2.1252
1032.vasp,-2.3003
1033.vasp,-2.3545
1034.vasp,-2.4675
1035.vasp,-2.1582
1036.vasp,-2.2756
1037.vasp,-2.3119
1038.vasp,-2.3892
1039.vasp,-2.5473
1040.vasp,-4.6845
1041.vasp,-5.1706
1042.vasp,-5.5235
1043.vasp,-5.6616
1044.vasp,-5.7578
1045.vasp,-5.2636
1046.vasp,-5.2475
1047.vasp,-5.3512
1048.vasp,-5.5960
1049.vasp,-5.7084
1050.vasp,-4.8864
1051.vasp,-5.2328
1052.vasp,-5.4399
1053.vasp,-5.6491
1054.vasp,-5.7605
1055.vasp,-0.7240
1056.vasp,-0.8456
1057.vasp,-1.1933
1058.vasp,-1.5192
1059.vasp,-1.7708
1060.vasp,-0.9903
1061.vasp,-1.0969
1062.vasp,-1.3944
1063.vasp,-1.5425
1064.vasp,-1.7220
1065.vasp,-1.6280
1066.vasp,-1.6343
1067.vasp,-1.4842
1068.vasp,-1.4764
1069.vasp,-1.6089
1070.vasp,-1.7605
1071.vasp,-1.7091
1072.vasp,-1.5825
1073.vasp,-1.5569
1074.vasp,-1.6718
1075.vasp,-1.3696
1076.vasp,-1.4348
1077.vasp,-1.5102
1078.vasp,-1.5804
1079.vasp,-1.7105
1080.vasp,-0.4458
1081.vasp,-0.6015
1082.vasp,-0.9211
1083.vasp,-1.2753
1084.vasp,-1.4681
1085.vasp,-0.9905
1086.vasp,-1.0513
1087.vasp,-1.1550
1088.vasp,-1.3079
1089.vasp,-1.4260
1090.vasp,-1.1107
1091.vasp,-1.0946
1092.vasp,-1.1638
1093.vasp,-1.2772
1094.vasp,-1.5053
1095.vasp,-0.8778
1096.vasp,-0.9928
1097.vasp,-1.1323
1098.vasp,-1.3201
1099.vasp,-1.5047
1100.vasp,-1.8393
1101.vasp,-2.1330
1102.vasp,-2.3343
1103.vasp,-2.4843
1104.vasp,-2.6677
1105.vasp,-0.2118
1106.vasp,-0.2835
1107.vasp,-0.4502
1108.vasp,-0.6873
1109.vasp,-0.8391
1110.vasp,-0.0511
1111.vasp,-0.2633
1112.vasp,-0.6030
1113.vasp,-0.7318
1114.vasp,-0.9391
1115.vasp,0.2723
1116.vasp,-0.0347
1117.vasp,-0.5082
1118.vasp,-0.8098
1119.vasp,-1.0423
1120.vasp,1.2291
1121.vasp,0.9933
1122.vasp,0.5780
1123.vasp,0.3004
1124.vasp,0.0802
1125.vasp,0.9016
1126.vasp,0.7640
1127.vasp,0.3638
1128.vasp,0.1500
1129.vasp,-0.0659
1130.vasp,-1.5074
1131.vasp,-1.7954
1132.vasp,-2.0249
1133.vasp,-2.1878
1134.vasp,-2.3450
1135.vasp,-1.7966
1136.vasp,-2.0399
1137.vasp,-2.1750
1138.vasp,-2.3085
1139.vasp,-2.5151
1140.vasp,-0.3783
1141.vasp,-0.4847
1142.vasp,-0.5735
1143.vasp,-0.6669
1144.vasp,-0.8278
1145.vasp,-3.3359
1146.vasp,-3.4044
1147.vasp,-3.4900
1148.vasp,-3.5717
1149.vasp,-3.7253
1150.vasp,-3.1954
1151.vasp,-3.3263
1152.vasp,-3.4500
1153.vasp,-3.5656
1154.vasp,-3.7074
1155.vasp,-1.8853
1156.vasp,-1.8273
1157.vasp,-1.7906
1158.vasp,-1.8210
1159.vasp,-1.9087
1160.vasp,-2.9380
1161.vasp,-3.1585
1162.vasp,-3.2386
1163.vasp,-3.3073
1164.vasp,-3.4631
1165.vasp,-1.6387
1166.vasp,-1.9603
1167.vasp,-2.0994
1168.vasp,-2.1851
1169.vasp,-2.3527
1170.vasp,-3.3722
1171.vasp,-3.4176
1172.vasp,-3.4667
1173.vasp,-3.5165
1174.vasp,-3.5807
1175.vasp,0.8515
1176.vasp,0.6629
1177.vasp,0.4429
1178.vasp,0.2508
1179.vasp,0.0270
1180.vasp,-1.0522
1181.vasp,-1.2855
1182.vasp,-1.5406
1183.vasp,-1.7782
1184.vasp,-2.0648
1185.vasp,-1.0757
1186.vasp,-1.3179
1187.vasp,-1.6150
1188.vasp,-1.8240
1189.vasp,-2.1196
1190.vasp,-1.0607
1191.vasp,-1.2486
1192.vasp,-1.4889
1193.vasp,-1.7516
1194.vasp,-2.0647
1195.vasp,-1.0647
1196.vasp,-1.2910
1197.vasp,-1.5815
1198.vasp,-1.7958
1199.vasp,-2.0088
1200.vasp,-2.4392
1201.vasp,-2.4806
1202.vasp,-2.5503
1203.vasp,-2.6351
1204.vasp,-2.8255
1205.vasp,-2.2821
1206.vasp,-2.3695
1207.vasp,-2.4802
1208.vasp,-2.6092
1209.vasp,-2.8059
1210.vasp,-2.4278
1211.vasp,-2.5099
1212.vasp,-2.6004
1213.vasp,-2.6984
1214.vasp,-2.8832
1215.vasp,-2.5860
1216.vasp,-2.6198
1217.vasp,-2.6691
1218.vasp,-2.7416
1219.vasp,-2.8847
1220.vasp,-1.4667
1221.vasp,-1.6398
1222.vasp,-1.8154
1223.vasp,-1.9413
1224.vasp,-2.1134
1225.vasp,-1.4712
1226.vasp,-1.6767
1227.vasp,-1.8620
1228.vasp,-1.9971
1229.vasp,-2.2221
1230.vasp,-0.8547
1231.vasp,-1.0692
1232.vasp,-1.3435
1233.vasp,-1.5487
1234.vasp,-1.6966
1235.vasp,-1.3564
1236.vasp,-1.3696
1237.vasp,-1.4006
1238.vasp,-1.4834
1239.vasp,-1.6852
1240.vasp,-1.1172
1241.vasp,-1.2044
1242.vasp,-1.3044
1243.vasp,-1.4399
1244.vasp,-1.6637
1245.vasp,-0.9935
1246.vasp,-1.1102
1247.vasp,-1.3078
1248.vasp,-1.5037
1249.vasp,-1.7044
1250.vasp,-1.2113
1251.vasp,-1.1777
1252.vasp,-1.1304
1253.vasp,-1.1592
1254.vasp,-1.3351
1255.vasp,-1.0083
1256.vasp,-1.0474
1257.vasp,-1.0953
1258.vasp,-1.1293
1259.vasp,-1.2604
1260.vasp,-0.9241
1261.vasp,-0.9832
1262.vasp,-1.0620
1263.vasp,-1.1397
1264.vasp,-1.2904
1265.vasp,-0.8332
1266.vasp,-0.9077
1267.vasp,-1.0128
1268.vasp,-1.1298
1269.vasp,-1.2689
1270.vasp,-0.5657
1271.vasp,-0.7154
1272.vasp,-0.8252
1273.vasp,-0.9565
1274.vasp,-1.1681
1275.vasp,-0.5377
1276.vasp,-0.8017
1277.vasp,-0.8798
1278.vasp,-0.9703
1279.vasp,-1.1300
1280.vasp,-0.3596
1281.vasp,-0.7620
1282.vasp,-0.8930
1283.vasp,-1.0129
1284.vasp,-1.2413
1285.vasp,-0.3400
1286.vasp,-0.6559
1287.vasp,-0.8474
1288.vasp,-0.9473
1289.vasp,-1.1064
1290.vasp,-4.8773
1291.vasp,-5.2411
1292.vasp,-5.5335
1293.vasp,-5.6044
1294.vasp,-5.6938
1295.vasp,-0.6728
1296.vasp,-0.8305
1297.vasp,-0.9780
1298.vasp,-1.1071
1299.vasp,-1.2429
1300.vasp,-0.4556
1301.vasp,-0.6719
1302.vasp,-0.9325
1303.vasp,-1.1097
1304.vasp,-1.3066
1305.vasp,-0.8459
1306.vasp,-0.9296
1307.vasp,-1.0165
1308.vasp,-1.1167
1309.vasp,-1.2799
1310.vasp,-0.5373
1311.vasp,-0.7626
1312.vasp,-0.9830
1313.vasp,-1.1156
1314.vasp,-1.2637
1315.vasp,-0.8627
1316.vasp,-0.8641
1317.vasp,-0.7873
1318.vasp,-0.8250
1319.vasp,-0.9827
1320.vasp,-5.9328
1321.vasp,-6.0680
1322.vasp,-6.1602
1323.vasp,-6.2217
1324.vasp,-6.2910
1325.vasp,-5.7523
1326.vasp,-5.9567
1327.vasp,-6.0958
1328.vasp,-6.1899
1329.vasp,-6.2734
1330.vasp,-5.8421
1331.vasp,-6.0529
1332.vasp,-6.1142
1333.vasp,-6.1812
1334.vasp,-6.2731
1335.vasp,-5.7362
1336.vasp,-6.0922
1337.vasp,-6.1475
1338.vasp,-6.1965
1339.vasp,-6.2731
1340.vasp,-3.8860
1341.vasp,-3.9336
1342.vasp,-3.9787
1343.vasp,-4.0207
1344.vasp,-4.0654
1345.vasp,-3.8701
1346.vasp,-4.1729
1347.vasp,-4.3086
1348.vasp,-4.3942
1349.vasp,-4.5182
1350.vasp,-4.4899
1351.vasp,-4.7343
1352.vasp,-4.9450
1353.vasp,-5.0392
1354.vasp,-5.1975
1355.vasp,-2.3044
1356.vasp,-2.4568
1357.vasp,-2.5299
1358.vasp,-2.6199
1359.vasp,-2.7984
1360.vasp,-3.0054
1361.vasp,-3.0299
1362.vasp,-3.0647
1363.vasp,-3.1043
1364.vasp,-3.1842
1365.vasp,-5.1391
1366.vasp,-5.1886
1367.vasp,-5.2462
1368.vasp,-5.2966
1369.vasp,-5.3632
1370.vasp,-5.1085
1371.vasp,-5.2065
1372.vasp,-5.2524
1373.vasp,-5.2835
1374.vasp,-5.3375
1375.vasp,-4.6884
1376.vasp,-5.1340
1377.vasp,-5.2056
1378.vasp,-5.2630
1379.vasp,-5.3251
1380.vasp,-5.2458
1381.vasp,-5.2353
1382.vasp,-5.2387
1383.vasp,-5.2560
1384.vasp,-5.3142
1385.vasp,-2.8064
1386.vasp,-2.8299
1387.vasp,-2.8590
1388.vasp,-2.8913
1389.vasp,-2.9448
1390.vasp,-0.2433
1391.vasp,-0.4978
1392.vasp,-0.8140
1393.vasp,-1.0768
1394.vasp,-1.3654
1395.vasp,-0.1885
1396.vasp,-0.4219
1397.vasp,-0.6899
1398.vasp,-0.9416
1399.vasp,-1.2966
1400.vasp,-0.5410
1401.vasp,-0.6158
1402.vasp,-0.7951
1403.vasp,-1.0381
1404.vasp,-1.3397
1405.vasp,-0.5629
1406.vasp,-0.6574
1407.vasp,-0.9409
1408.vasp,-1.1269
1409.vasp,-1.3387
1410.vasp,-1.7654
1411.vasp,-2.2176
1412.vasp,-2.5575
1413.vasp,-2.7784
1414.vasp,-2.9656
1415.vasp,-2.2181
1416.vasp,-2.5715
1417.vasp,-2.7687
1418.vasp,-2.9043
1419.vasp,-3.1050
1420.vasp,-0.7885
1421.vasp,-1.1841
1422.vasp,-1.4661
1423.vasp,-1.6391
1424.vasp,-1.7806
1425.vasp,-0.6890
1426.vasp,-0.8566
1427.vasp,-1.0420
1428.vasp,-1.1019
1429.vasp,-1.2791
1430.vasp,-3.9822
1431.vasp,-4.2334
1432.vasp,-4.4924
1433.vasp,-4.7009
1434.vasp,-4.8268
1435.vasp,-0.1935
1436.vasp,-0.6763
1437.vasp,-1.2385
1438.vasp,-1.4180
1439.vasp,-1.5970
1440.vasp,0.7703
1441.vasp,0.5896
1442.vasp,0.3765
1443.vasp,0.2228
1444.vasp,-0.0241
1445.vasp,-0.8777
1446.vasp,-1.0778
1447.vasp,-1.1737
1448.vasp,-1.2781
1449.vasp,-1.4420
1450.vasp,-0.5801
1451.vasp,-0.8759
1452.vasp,-1.0781
1453.vasp,-1.2034
1454.vasp,-1.4176
1455.vasp,-0.7793
1456.vasp,-0.9703
1457.vasp,-1.1300
1458.vasp,-1.2308
1459.vasp,-1.4043
1460.vasp,-0.8423
1461.vasp,-0.9382
1462.vasp,-1.1136
1463.vasp,-1.2157
1464.vasp,-1.3542
1465.vasp,-2.7769
1466.vasp,-2.8052
1467.vasp,-2.8501
1468.vasp,-2.9075
1469.vasp,-3.0500
1470.vasp,0.3515
1471.vasp,0.2605
1472.vasp,0.1990
1473.vasp,0.1439
1474.vasp,-0.0440
1475.vasp,-7.6945
1476.vasp,-7.8541
1477.vasp,-7.9224
1478.vasp,-7.9953
1479.vasp,-8.1279
1480.vasp,-0.5492
1481.vasp,-0.6676
1482.vasp,-0.8524
1483.vasp,-1.0060
1484.vasp,-1.2145
1485.vasp,0.2859
1486.vasp,-0.0537
1487.vasp,-0.5021
1488.vasp,-0.9319
1489.vasp,-1.2475
1490.vasp,0.2862
1491.vasp,-0.0530
1492.vasp,-0.5020
1493.vasp,-0.9319
1494.vasp,-1.2474
1495.vasp,-0.2549
1496.vasp,-0.5673
1497.vasp,-0.8350
1498.vasp,-1.0717
1499.vasp,-1.3148
1500.vasp,-1.8062
1501.vasp,-2.2042
1502.vasp,-2.2929
1503.vasp,-2.3942
1504.vasp,-2.5864
1505.vasp,-1.5098
1506.vasp,-1.8919
1507.vasp,-1.9711
1508.vasp,-2.0709
1509.vasp,-2.2526
1510.vasp,0.1675
1511.vasp,0.1499
1512.vasp,0.1414
1513.vasp,0.0766
1514.vasp,-0.1539
1515.vasp,0.4114
1516.vasp,0.3445
1517.vasp,0.1945
1518.vasp,0.0592
1519.vasp,-0.1396
1520.vasp,0.2672
1521.vasp,0.1965
1522.vasp,0.1279
1523.vasp,0.0453
1524.vasp,-0.1769
1525.vasp,0.4007
1526.vasp,0.3140
1527.vasp,0.1674
1528.vasp,0.0220
1529.vasp,-0.2118
1530.vasp,-3.0584
1531.vasp,-3.4345
1532.vasp,-3.7497
1533.vasp,-4.0062
1534.vasp,-4.1243
1535.vasp,-2.8674
1536.vasp,-3.2070
1537.vasp,-3.4104
1538.vasp,-3.4802
1539.vasp,-3.6280
1540.vasp,-2.6091
1541.vasp,-2.8277
1542.vasp,-2.9733
1543.vasp,-3.0924
1544.vasp,-3.2329
1545.vasp,-0.5068
1546.vasp,-0.6216
1547.vasp,-0.8078
1548.vasp,-1.0405
1549.vasp,-1.3136
1550.vasp,-2.0286
1551.vasp,-2.2475
1552.vasp,-2.5558
1553.vasp,-2.7803
1554.vasp,-2.9848
1555.vasp,-2.5451
1556.vasp,-2.7135
1557.vasp,-2.9200
1558.vasp,-3.1168
1559.vasp,-3.3658
1560.vasp,-2.6311
1561.vasp,-2.8129
1562.vasp,-3.0151
1563.vasp,-3.2125
1564.vasp,-3.4306
1565.vasp,-2.8176
1566.vasp,-2.9852
1567.vasp,-3.1192
1568.vasp,-3.2453
1569.vasp,-3.4578
1570.vasp,-2.5461
1571.vasp,-2.7675
1572.vasp,-3.0215
1573.vasp,-3.1861
1574.vasp,-3.3889
1575.vasp,-3.7585
1576.vasp,-3.9676
1577.vasp,-4.2651
1578.vasp,-4.5449
1579.vasp,-4.7025
1580.vasp,-1.0415
1581.vasp,-1.0603
1582.vasp,-1.1095
1583.vasp,-1.1875
1584.vasp,-1.2919
1585.vasp,-1.2599
1586.vasp,-1.1649
1587.vasp,-1.1570
1588.vasp,-1.2052
1589.vasp,-1.2789
1590.vasp,-1.9862
1591.vasp,-2.3105
1592.vasp,-2.4603
1593.vasp,-2.5971
1594.vasp,-2.7686
1595.vasp,-1.9469
1596.vasp,-2.2681
1597.vasp,-2.4580
1598.vasp,-2.5791
1599.vasp,-2.7577
1600.vasp,-2.8524
1601.vasp,-3.0367
1602.vasp,-3.1301
1603.vasp,-3.2066
1604.vasp,-3.3186
1605.vasp,-2.7303
1606.vasp,-2.9958
1607.vasp,-3.1740
1608.vasp,-3.2394
1609.vasp,-3.3619
1610.vasp,-2.8963
1611.vasp,-3.0643
1612.vasp,-3.1601
1613.vasp,-3.2471
1614.vasp,-3.4013
1615.vasp,-2.8584
1616.vasp,-3.0343
1617.vasp,-3.1203
1618.vasp,-3.1966
1619.vasp,-3.3259
1620.vasp,-2.4930
1621.vasp,-2.6466
1622.vasp,-2.7571
1623.vasp,-2.8523
1624.vasp,-2.9807
1625.vasp,-2.5703
1626.vasp,-2.7040
1627.vasp,-2.7934
1628.vasp,-2.8794
1629.vasp,-2.9945
1630.vasp,-2.5900
1631.vasp,-2.7098
1632.vasp,-2.8174
1633.vasp,-2.9329
1634.vasp,-3.0782
1635.vasp,-2.4888
1636.vasp,-2.6501
1637.vasp,-2.7618
1638.vasp,-2.8854
1639.vasp,-3.0091
1640.vasp,-1.6309
1641.vasp,-1.8019
1642.vasp,-2.0552
1643.vasp,-2.2271
1644.vasp,-2.4264
1645.vasp,-1.7593
1646.vasp,-1.9399
1647.vasp,-2.1235
1648.vasp,-2.2697
1649.vasp,-2.4509
1650.vasp,-1.7975
1651.vasp,-1.9669
1652.vasp,-2.1403
1653.vasp,-2.2897
1654.vasp,-2.5099
1655.vasp,-1.6228
1656.vasp,-1.8701
1657.vasp,-2.0743
1658.vasp,-2.2496
1659.vasp,-2.4512
1660.vasp,-1.1973
1661.vasp,-1.3755
1662.vasp,-1.4859
1663.vasp,-1.6483
1664.vasp,-1.8891
1665.vasp,-1.1583
1666.vasp,-1.4434
1667.vasp,-1.5758
1668.vasp,-1.6794
1669.vasp,-1.8706
1670.vasp,-1.0481
1671.vasp,-1.5154
1672.vasp,-1.7213
1673.vasp,-1.7924
1674.vasp,-1.9453
1675.vasp,-1.1918
1676.vasp,-1.3883
1677.vasp,-1.6368
1678.vasp,-1.7487
1679.vasp,-1.9456
1680.vasp,-1.9594
1681.vasp,-2.1620
1682.vasp,-2.4117
1683.vasp,-2.6210
1684.vasp,-2.7972
1685.vasp,-2.2178
1686.vasp,-2.4330
1687.vasp,-2.5584
1688.vasp,-2.6421
1689.vasp,-2.8082
1690.vasp,-2.0586
1691.vasp,-2.3165
1692.vasp,-2.5257
1693.vasp,-2.7076
1694.vasp,-2.8901
1695.vasp,-2.1085
1696.vasp,-2.3396
1697.vasp,-2.5253
1698.vasp,-2.6440
1699.vasp,-2.7919
1700.vasp,-1.3392
1701.vasp,-1.5357
1702.vasp,-1.6673
1703.vasp,-1.7666
1704.vasp,-1.9425
1705.vasp,-1.2842
1706.vasp,-1.5104
1707.vasp,-1.6694
1708.vasp,-1.7667
1709.vasp,-1.9426
1710.vasp,-4.4029
1711.vasp,-4.6935
1712.vasp,-4.8332
1713.vasp,-4.9295
1714.vasp,-5.0866
1715.vasp,-4.2865
1716.vasp,-4.5042
1717.vasp,-4.7307
1718.vasp,-4.8798
1719.vasp,-5.0568
1720.vasp,-4.4090
1721.vasp,-4.6528
1722.vasp,-4.8220
1723.vasp,-4.9108
1724.vasp,-5.0475
1725.vasp,-0.2726
1726.vasp,-0.3290
1727.vasp,-0.3926
1728.vasp,-0.4708
1729.vasp,-0.5813
1730.vasp,-2.2705
1731.vasp,-2.3647
1732.vasp,-2.4389
1733.vasp,-2.5476
1734.vasp,-2.7440
1735.vasp,-2.2415
1736.vasp,-2.3096
1737.vasp,-2.3870
1738.vasp,-2.5201
1739.vasp,-2.7439
1740.vasp,-0.4005
1741.vasp,-0.5375
1742.vasp,-0.5908
1743.vasp,-0.6521
1744.vasp,-0.7340
1745.vasp,-7.4371
1746.vasp,-7.5131
1747.vasp,-7.5987
1748.vasp,-7.6923
1749.vasp,-7.8040
1750.vasp,-7.1120
1751.vasp,-7.3665
1752.vasp,-7.5413
1753.vasp,-7.6856
1754.vasp,-7.7926
1755.vasp,-7.4953
1756.vasp,-7.6243
1757.vasp,-7.7163
1758.vasp,-7.7681
1759.vasp,-7.8303
1760.vasp,-7.5135
1761.vasp,-7.6071
1762.vasp,-7.6749
1763.vasp,-7.7296
1764.vasp,-7.8276
1765.vasp,-4.9355
1766.vasp,-4.9077
1767.vasp,-4.8785
1768.vasp,-4.8659
1769.vasp,-4.8883
1770.vasp,-4.5313
1771.vasp,-4.6117
1772.vasp,-4.7065
1773.vasp,-4.7854
1774.vasp,-4.8681
1775.vasp,-4.5493
1776.vasp,-4.6537
1777.vasp,-4.7417
1778.vasp,-4.8104
1779.vasp,-4.8951
1780.vasp,-5.2377
1781.vasp,-5.5213
1782.vasp,-5.8214
1783.vasp,-6.0169
1784.vasp,-6.1042
1785.vasp,-1.9193
1786.vasp,-2.2142
1787.vasp,-2.4261
1788.vasp,-2.5766
1789.vasp,-2.7235
1790.vasp,-1.9587
1791.vasp,-2.2251
1792.vasp,-2.4110
1793.vasp,-2.5788
1794.vasp,-2.7608
1795.vasp,-2.2025
1796.vasp,-2.4123
1797.vasp,-2.4601
1798.vasp,-2.5364
1799.vasp,-2.7009
1800.vasp,-1.9586
1801.vasp,-2.2251
1802.vasp,-2.4261
1803.vasp,-2.5788
1804.vasp,-2.7253
1805.vasp,-2.4503
1806.vasp,-2.6915
1807.vasp,-2.9593
1808.vasp,-3.1635
1809.vasp,-3.3583
1810.vasp,-2.4046
1811.vasp,-2.6805
1812.vasp,-2.9723
1813.vasp,-3.2104
1814.vasp,-3.4068
1815.vasp,-2.7691
1816.vasp,-2.9721
1817.vasp,-3.1411
1818.vasp,-3.2335
1819.vasp,-3.3599
1820.vasp,-2.7741
1821.vasp,-2.9521
1822.vasp,-3.1037
1823.vasp,-3.1739
1824.vasp,-3.3278
1825.vasp,-3.2146
1826.vasp,-3.2833
1827.vasp,-3.3780
1828.vasp,-3.4895
1829.vasp,-3.6789
1830.vasp,-3.4201
1831.vasp,-3.4414
1832.vasp,-3.4862
1833.vasp,-3.5817
1834.vasp,-3.7729
1835.vasp,-0.0246
1836.vasp,-0.2475
1837.vasp,-0.4526
1838.vasp,-0.6259
1839.vasp,-0.7406
1840.vasp,-1.3980
1841.vasp,-1.6078
1842.vasp,-1.7482
1843.vasp,-1.8426
1844.vasp,-2.0463
1845.vasp,-1.5136
1846.vasp,-1.6722
1847.vasp,-1.7343
1848.vasp,-1.8552
1849.vasp,-2.0867
1850.vasp,-0.8184
1851.vasp,-1.3734
1852.vasp,-1.8626
1853.vasp,-1.9720
1854.vasp,-2.1212
1855.vasp,-1.1168
1856.vasp,-1.4849
1857.vasp,-1.7093
1858.vasp,-1.8959
1859.vasp,-2.1107
1860.vasp,-3.8691
1861.vasp,-3.9036
1862.vasp,-3.9617
1863.vasp,-4.0441
1864.vasp,-4.2038
1865.vasp,-2.3425
1866.vasp,-2.4501
1867.vasp,-2.5134
1868.vasp,-2.6149
1869.vasp,-2.7945
1870.vasp,-2.2732
1871.vasp,-2.3785
1872.vasp,-2.4837
1873.vasp,-2.5930
1874.vasp,-2.7931
1875.vasp,-2.5472
1876.vasp,-2.5904
1877.vasp,-2.6442
1878.vasp,-2.7331
1879.vasp,-2.8691
1880.vasp,-2.3184
1881.vasp,-2.4729
1882.vasp,-2.5744
1883.vasp,-2.6784
1884.vasp,-2.8203
1885.vasp,-1.5774
1886.vasp,-1.7069
1887.vasp,-1.8847
1888.vasp,-2.0293
1889.vasp,-2.3154
1890.vasp,-1.7748
1891.vasp,-1.8806
1892.vasp,-1.9928
1893.vasp,-2.1207
1894.vasp,-2.2436
1895.vasp,-1.6999
1896.vasp,-1.6557
1897.vasp,-1.7296
1898.vasp,-1.8970
1899.vasp,-2.0828
1900.vasp,-1.5876
1901.vasp,-1.7512
1902.vasp,-1.9188
1903.vasp,-2.0478
1904.vasp,-2.1777
1905.vasp,-1.6812
1906.vasp,-1.7619
1907.vasp,-1.8568
1908.vasp,-2.0229
1909.vasp,-2.2000
1910.vasp,-4.6199
1911.vasp,-4.6901
1912.vasp,-4.7489
1913.vasp,-4.7999
1914.vasp,-4.8547
1915.vasp,-4.4288
1916.vasp,-4.5554
1917.vasp,-4.6676
1918.vasp,-4.7793
1919.vasp,-4.8505
1920.vasp,-3.7010
1921.vasp,-4.0634
1922.vasp,-4.2909
1923.vasp,-4.3919
1924.vasp,-4.4882
1925.vasp,-3.5607
1926.vasp,-3.7845
1927.vasp,-4.0812
1928.vasp,-4.3292
1929.vasp,-4.4535
1930.vasp,-3.5838
1931.vasp,-4.0115
1932.vasp,-4.2927
1933.vasp,-4.3780
1934.vasp,-4.4579
1935.vasp,-3.5613
1936.vasp,-3.7844
1937.vasp,-4.0802
1938.vasp,-4.3273
1939.vasp,-4.4565
1940.vasp,-3.0352
1941.vasp,-3.5920
1942.vasp,-4.1071
1943.vasp,-4.3964
1944.vasp,-4.5576
1945.vasp,-3.6239
1946.vasp,-3.9554
1947.vasp,-4.2322
1948.vasp,-4.4225
1949.vasp,-4.5751
1950.vasp,-4.6280
1951.vasp,-5.1215
1952.vasp,-5.4726
1953.vasp,-5.6491
1954.vasp,-5.7568
1955.vasp,-1.0995
1956.vasp,-1.1696
1957.vasp,-1.2496
1958.vasp,-1.3593
1959.vasp,-1.5126
1960.vasp,-0.9487
1961.vasp,-1.0494
1962.vasp,-1.2127
1963.vasp,-1.3942
1964.vasp,-1.5750
1965.vasp,-1.1831
1966.vasp,-1.2106
1967.vasp,-1.2673
1968.vasp,-1.3737
1969.vasp,-1.5491
1970.vasp,-1.0309
1971.vasp,-1.1783
1972.vasp,-1.2581
1973.vasp,-1.3644
1974.vasp,-1.5171
1975.vasp,-3.7674
1976.vasp,-3.8550
1977.vasp,-3.9084
1978.vasp,-3.9936
1979.vasp,-4.1203
1980.vasp,-1.8427
1981.vasp,-2.2111
1982.vasp,-2.4542
1983.vasp,-2.5536
1984.vasp,-2.7085
1985.vasp,-1.8744
1986.vasp,-2.1857
1987.vasp,-2.3818
1988.vasp,-2.4931
1989.vasp,-2.6702
1990.vasp,-2.0909
1991.vasp,-2.3155
1992.vasp,-2.4795
1993.vasp,-2.6173
1994.vasp,-2.7561
1995.vasp,-2.2319
1996.vasp,-2.4946
1997.vasp,-2.5970
1998.vasp,-2.6851
1999.vasp,-2.7943
2000.vasp,2.7430
2001.vasp,2.6940
2002.vasp,2.6954
2003.vasp,2.5013
2004.vasp,2.3197
2005.vasp,-3.6269
2006.vasp,-3.9290
2007.vasp,-4.1530
2008.vasp,-4.2984
2009.vasp,-4.4339
2010.vasp,-3.5878
2011.vasp,-3.9403
2012.vasp,-4.1431
2013.vasp,-4.2735
2014.vasp,-4.4255
2015.vasp,-1.3063
2016.vasp,-1.4682
2017.vasp,-1.5385
2018.vasp,-1.6069
2019.vasp,-1.7166
2020.vasp,1.8666
2021.vasp,1.8770
2022.vasp,1.5778
2023.vasp,1.2282
2024.vasp,1.0172
2025.vasp,-1.0585
2026.vasp,-1.3215
2027.vasp,-1.4424
2028.vasp,-1.5670
2029.vasp,-1.8072
2030.vasp,-0.6867
2031.vasp,-1.0513
2032.vasp,-1.3729
2033.vasp,-1.4985
2034.vasp,-1.6963
2035.vasp,-0.7600
2036.vasp,-1.2265
2037.vasp,-1.5201
2038.vasp,-1.6438
2039.vasp,-1.8665
2040.vasp,-0.8064
2041.vasp,-1.0746
2042.vasp,-1.3586
2043.vasp,-1.5657
2044.vasp,-1.8072
2045.vasp,-0.2806
2046.vasp,-0.4111
2047.vasp,-0.5254
2048.vasp,-0.6538
2049.vasp,-0.8599
2050.vasp,-0.2774
2051.vasp,-0.5083
2052.vasp,-0.5925
2053.vasp,-0.7380
2054.vasp,-0.9372
2055.vasp,0.7951
2056.vasp,0.7487
2057.vasp,0.4429
2058.vasp,0.2696
2059.vasp,0.0986
2060.vasp,2.0450
2061.vasp,2.0471
2062.vasp,1.8198
2063.vasp,1.4900
2064.vasp,1.2166
